Id,LotArea,Neighborhood,OverallQual,OverallCond,YearBuilt,Heating,FullBath,BedroomAbvGr,KitchenAbvGr,TotRmsAbvGrd,GarageCars,SaleCondition,SalePrice
1,8450,CollgCr,7,5,2003,GasA,2,3,1,8,2,Normal,208500
2,9600,Veenker,6,8,1976,GasA,2,3,1,6,2,Normal,181500
3,11250,CollgCr,7,5,2001,GasA,2,3,1,6,2,Normal,223500
4,9550,Crawfor,7,5,1915,GasA,1,3,1,7,3,Abnorml,140000
5,14260,NoRidge,8,5,2000,GasA,2,4,1,9,3,Normal,250000
6,14115,Mitchel,5,5,1993,GasA,1,1,1,5,2,Normal,143000
7,10084,Somerst,8,5,2004,GasA,2,3,1,7,2,Normal,307000
8,10382,NWAmes,7,6,1973,GasA,2,3,1,7,2,Normal,200000
9,6120,OldTown,7,5,1931,GasA,2,2,2,8,2,Abnorml,129900
10,7420,BrkSide,5,6,1939,GasA,1,2,2,5,1,Normal,118000
11,11200,Sawyer,5,5,1965,GasA,1,3,1,5,1,Normal,129500
12,11924,NridgHt,9,5,2005,GasA,3,4,1,11,3,Partial,345000
13,12968,Sawyer,5,6,1962,GasA,1,2,1,4,1,Normal,144000
14,10652,CollgCr,7,5,2006,GasA,2,3,1,7,3,Partial,279500
15,10920,NAmes,6,5,1960,GasA,1,2,1,5,1,Normal,157000
16,6120,BrkSide,7,8,1929,GasA,1,2,1,5,2,Normal,132000
17,11241,NAmes,6,7,1970,GasA,1,2,1,5,2,Normal,149000
18,10791,Sawyer,4,5,1967,GasA,2,2,2,6,2,Normal,90000
19,13695,SawyerW,5,5,2004,GasA,1,3,1,6,2,Normal,159000
20,7560,NAmes,5,6,1958,GasA,1,3,1,6,1,Abnorml,139000
21,14215,NridgHt,8,5,2005,GasA,3,4,1,9,3,Partial,325300
22,7449,IDOTRR,7,7,1930,GasA,1,3,1,6,1,Normal,139400
23,9742,CollgCr,8,5,2002,GasA,2,3,1,7,2,Normal,230000
24,4224,MeadowV,5,7,1976,GasA,1,3,1,6,2,Normal,129900
25,8246,Sawyer,5,8,1968,GasA,1,3,1,6,1,Normal,154000
26,14230,NridgHt,8,5,2007,GasA,2,3,1,7,3,Normal,256300
27,7200,NAmes,5,7,1951,GasA,1,3,1,5,2,Normal,134800
28,11478,NridgHt,8,5,2007,GasA,2,3,1,7,3,Normal,306000
29,16321,NAmes,5,6,1957,GasA,1,2,1,6,1,Normal,207500
30,6324,BrkSide,4,6,1927,GasA,1,1,1,4,1,Normal,68500
31,8500,IDOTRR,4,4,1920,GasA,1,3,1,6,1,Normal,40000
32,8544,Sawyer,5,6,1966,GasA,1,3,1,6,1,Normal,149350
33,11049,CollgCr,8,5,2007,GasA,2,3,1,7,2,Normal,179900
34,10552,NAmes,5,5,1959,GasA,1,4,1,6,2,Normal,165500
35,7313,NridgHt,9,5,2005,GasA,2,2,1,6,2,Normal,277500
36,13418,NridgHt,8,5,2004,GasA,3,4,1,9,3,Normal,309000
37,10859,CollgCr,5,5,1994,GasA,1,3,1,6,2,Normal,145000
38,8532,NAmes,5,6,1954,GasA,1,3,1,5,2,Normal,153000
39,7922,NAmes,5,7,1953,GasA,1,3,1,5,1,Abnorml,109000
40,6040,Edwards,4,5,1955,GasA,2,2,2,6,0,AdjLand,82000
41,8658,NAmes,6,5,1965,GasA,2,3,1,6,2,Abnorml,160000
42,16905,Timber,5,6,1959,GasA,1,2,1,5,1,Normal,170000
43,9180,SawyerW,5,7,1983,GasA,1,2,1,5,2,Normal,144000
44,9200,CollgCr,5,6,1975,GasA,1,3,1,5,1,Normal,130250
45,7945,NAmes,5,6,1959,GasA,1,3,1,6,1,Normal,141000
46,7658,NridgHt,9,5,2005,GasA,2,2,1,6,2,Normal,319900
47,12822,Mitchel,7,5,2003,GasA,1,1,1,6,2,Abnorml,239686
48,11096,Somerst,8,5,2006,GasA,2,3,1,7,3,Normal,249700
49,4456,OldTown,4,5,1920,GasA,2,2,3,8,0,Partial,113000
50,7742,Sawyer,5,7,1966,GasA,1,3,1,6,1,Normal,127000
51,13869,Gilbert,6,6,1997,GasA,2,3,1,6,2,Normal,177000
52,6240,BrkSide,6,6,1934,GasA,1,3,1,6,2,Normal,114500
53,8472,IDOTRR,5,5,1963,GasA,1,2,1,5,2,Normal,110000
54,50271,Veenker,9,5,1981,GasA,0,0,1,5,3,Normal,385000
55,7134,NAmes,5,5,1955,GasA,1,3,1,6,2,Normal,130000
56,10175,NAmes,6,5,1964,GasA,2,3,1,7,2,Normal,180500
57,2645,Somerst,8,5,1999,GasA,2,3,1,7,2,Abnorml,172500
58,11645,CollgCr,7,5,2004,GasA,2,3,1,7,2,Normal,196500
59,13682,StoneBr,10,5,2006,GasA,3,3,1,10,3,Partial,438780
60,7200,CollgCr,5,7,1972,GasA,1,2,1,4,1,Normal,124900
61,13072,SawyerW,6,5,2004,GasA,1,3,1,5,2,Partial,158000
62,7200,IDOTRR,5,7,1920,GasA,1,3,1,6,1,Normal,101000
63,6442,NridgHt,8,5,2006,GasA,2,2,1,6,2,Normal,202500
64,10300,OldTown,7,6,1921,GasA,2,3,1,9,2,Normal,140000
65,9375,CollgCr,7,5,1997,GasA,2,3,1,8,2,Normal,219500
66,9591,NridgHt,8,5,2004,GasA,2,4,1,9,3,Normal,317000
67,19900,NAmes,7,5,1970,GasA,2,3,1,7,2,Normal,180000
68,10665,CollgCr,7,5,2003,GasA,2,3,1,7,2,Normal,226000
69,4608,OldTown,4,6,1945,GasA,1,2,1,4,1,Normal,80000
70,15593,ClearCr,7,4,1953,GasW,2,3,1,7,2,Normal,225000
71,13651,NAmes,7,6,1973,GasA,2,3,1,8,2,Normal,244000
72,7599,Mitchel,4,6,1982,GasA,1,2,1,4,2,Normal,129500
73,10141,Gilbert,7,5,1998,GasA,2,3,1,7,2,Normal,185000
74,10200,NAmes,5,7,1954,GasA,1,3,1,6,2,Normal,144900
75,5790,OldTown,3,6,1915,GasA,2,3,2,8,1,Normal,107400
76,1596,MeadowV,4,5,1973,GasA,1,2,1,5,1,Normal,91000
77,8475,NAmes,4,7,1956,GasA,1,2,1,4,1,Normal,135750
78,8635,BrkSide,5,5,1948,GasA,1,2,1,6,1,Normal,127000
79,10778,Sawyer,4,5,1968,GasA,2,4,2,8,0,Normal,136500
80,10440,OldTown,5,6,1910,GasA,1,2,1,5,2,Normal,110000
81,13000,NAmes,6,6,1968,GasA,2,4,1,8,1,Normal,193500
82,4500,Mitchel,6,5,1998,GasA,2,2,1,5,2,Normal,153500
83,10206,Somerst,8,5,2007,GasA,2,3,1,6,3,Normal,245000
84,8892,NAmes,5,5,1960,GasA,1,3,1,6,2,Normal,126500
85,8530,Gilbert,7,5,1995,GasA,2,3,1,7,2,Normal,168500
86,16059,NoRidge,8,5,1991,GasA,2,4,1,9,2,Normal,260000
87,11911,Gilbert,6,5,2005,GasA,2,3,1,6,2,Normal,174000
88,3951,Somerst,6,5,2009,GasA,2,2,1,4,2,Partial,164500
89,8470,IDOTRR,3,2,1915,GasA,1,2,1,6,0,Abnorml,85000
90,8070,CollgCr,4,5,1994,GasA,1,3,1,5,0,Normal,123600
91,7200,NAmes,4,5,1950,GasA,1,2,1,4,2,Normal,109900
92,8500,NAmes,5,3,1961,GasA,1,2,1,6,2,Abnorml,98600
93,13360,Crawfor,5,7,1921,GasA,1,2,1,5,2,Normal,163500
94,7200,OldTown,6,6,1910,GasW,2,4,2,9,2,Normal,133900
95,9337,CollgCr,6,5,1997,GasA,2,3,1,7,2,Normal,204750
96,9765,Gilbert,6,8,1993,GasA,2,3,1,6,2,Normal,185000
97,10264,CollgCr,7,5,1999,GasA,2,3,1,6,2,Normal,214000
98,10921,Edwards,4,5,1965,GasA,1,3,1,6,1,Normal,94750
99,10625,Edwards,5,5,1920,GasA,1,2,1,5,1,Abnorml,83000
100,9320,NAmes,4,5,1959,GasA,1,3,1,6,0,Normal,128950
101,10603,NWAmes,6,7,1977,GasA,2,3,1,6,2,Normal,205000
102,9206,SawyerW,6,5,1985,GasA,2,3,1,7,2,Normal,178000
103,7018,SawyerW,5,5,1979,GasA,2,4,2,8,2,Alloca,118964
104,10402,CollgCr,7,5,2009,GasA,2,3,1,6,3,Normal,198900
105,7758,IDOTRR,7,4,1931,GasA,1,4,1,7,1,Normal,169500
106,9375,Somerst,8,5,2003,GasA,2,3,1,9,2,Normal,250000
107,10800,OldTown,4,7,1885,GasA,1,2,1,6,1,Normal,100000
108,6000,OldTown,5,5,1948,GasA,1,2,1,5,1,Partial,115000
109,8500,IDOTRR,5,7,1919,GasW,2,3,1,7,0,Normal,115000
110,11751,NWAmes,6,6,1977,GasA,2,3,1,7,2,Normal,190000
111,9525,Edwards,6,4,1954,GasA,2,4,1,7,1,Normal,136900
112,7750,Gilbert,7,5,2000,GasA,2,3,1,7,2,Normal,180000
113,9965,CollgCr,7,5,2007,GasA,2,4,1,10,3,Partial,383970
114,21000,Crawfor,6,5,1953,GasA,2,3,1,7,2,Abnorml,217000
115,7259,Crawfor,6,8,1945,GasA,2,3,1,9,1,Normal,259500
116,3230,Somerst,6,5,1999,GasA,2,2,1,5,2,Normal,176000
117,11616,Sawyer,5,5,1962,GasA,1,3,1,6,1,Normal,139000
118,8536,Edwards,5,5,2006,GasA,1,2,1,5,2,Partial,155000
119,12376,SawyerW,7,5,1990,GasA,3,5,1,11,3,Normal,320000
120,8461,CollgCr,6,5,2005,GasA,2,3,1,8,2,Partial,163990
121,21453,ClearCr,6,5,1969,GasA,1,1,1,4,2,Normal,180000
122,6060,IDOTRR,4,5,1939,GasA,1,3,1,4,1,Normal,100000
123,9464,NAmes,6,7,1958,GasA,1,3,1,5,1,Normal,136000
124,7892,SawyerW,6,5,1993,GasA,2,2,1,5,2,Normal,153900
125,17043,NWAmes,6,5,1979,GasA,2,3,1,7,2,Normal,181000
126,6780,IDOTRR,6,8,1935,GasA,1,2,1,5,0,Normal,84500
127,4928,NPkVill,6,5,1976,GasA,2,2,1,5,2,Normal,128000
128,4388,OldTown,5,7,1930,GasA,1,3,1,5,0,Normal,87000
129,7590,NAmes,6,5,1966,GasA,1,3,1,6,2,Normal,155000
130,8973,NAmes,5,7,1958,GasA,1,3,1,6,2,Abnorml,150000
131,14200,NAmes,7,6,1966,GasA,2,4,1,8,2,Normal,226000
132,12224,Gilbert,6,5,2000,GasA,2,3,1,7,2,Normal,244000
133,7388,NAmes,5,6,1959,GasA,1,3,1,7,2,Normal,150750
134,6853,Timber,8,5,2001,GasA,2,2,1,6,2,Normal,220000
135,10335,Sawyer,5,6,1968,GasA,2,3,1,7,2,Normal,180000
136,10400,NWAmes,7,6,1970,GasA,2,3,1,7,2,Normal,174000
137,10355,NAmes,5,5,1967,GasA,2,3,1,5,1,Normal,143000
138,11070,Mitchel,7,5,1988,GasA,3,5,2,9,3,Family,171000
139,9066,CollgCr,8,5,1999,GasA,2,3,1,7,3,Normal,230000
140,15426,CollgCr,6,5,1997,GasA,2,3,1,7,2,Normal,231500
141,10500,NAmes,4,5,1971,GasA,1,3,1,5,0,Normal,115000
142,11645,CollgCr,7,5,2005,GasA,2,3,1,7,2,Normal,260000
143,8520,NAmes,5,4,1952,GasA,2,4,1,6,2,Normal,166000
144,10335,CollgCr,7,5,1999,GasA,2,3,1,6,2,Normal,204000
145,9100,Sawyer,5,5,1963,GasA,2,6,2,10,2,Abnorml,125000
146,2522,Edwards,6,5,2004,GasA,2,3,1,7,2,Normal,130000
147,6120,BrkSide,5,7,1931,GasA,1,2,1,5,1,Normal,105000
148,9505,Gilbert,7,5,2001,GasA,2,3,1,8,2,Normal,222500
149,7500,SawyerW,7,5,2004,GasA,1,3,1,6,0,Normal,141000
150,6240,BrkSide,5,4,1936,GasA,1,3,1,7,1,Normal,115000
151,10356,CollgCr,5,6,1975,GasA,1,3,1,5,2,Normal,122000
152,13891,NridgHt,8,5,2007,GasA,2,2,1,6,3,Partial,372402
153,14803,NWAmes,6,5,1971,GasA,2,4,1,8,2,Normal,190000
154,13500,ClearCr,6,7,1960,GasA,1,1,1,4,2,Normal,235000
155,11340,OldTown,6,5,1923,GasA,1,4,1,7,1,Family,125000
156,9600,Edwards,6,5,1924,Grav,1,2,1,5,0,Normal,79000
157,7200,NAmes,5,7,1950,GasA,1,2,1,5,2,Normal,109500
158,12003,Timber,8,5,2009,GasA,2,4,1,8,3,Partial,269500
159,12552,Somerst,7,5,2004,GasA,2,3,1,8,2,Normal,254900
160,19378,Gilbert,7,5,2005,GasA,2,4,1,9,2,Partial,320000
161,11120,Veenker,6,6,1984,GasA,2,3,1,6,2,Normal,162500
162,13688,NridgHt,9,5,2003,GasA,2,3,1,10,3,Normal,412500
163,12182,NridgHt,7,5,2005,GasA,2,3,1,7,2,Partial,220000
164,5500,OldTown,4,6,1956,GasA,1,1,1,4,0,Normal,103200
165,5400,OldTown,6,7,1926,GasA,2,3,1,5,1,Normal,152000
166,10106,Edwards,5,7,1940,GasA,2,4,2,6,0,Normal,127500
167,10708,ClearCr,5,5,1955,GasA,1,2,1,7,1,Normal,190000
168,10562,NridgHt,8,5,2007,GasA,1,3,1,8,3,Partial,325624
169,8244,Gilbert,7,5,2004,GasA,2,3,1,7,2,Normal,183500
170,16669,Timber,8,6,1981,GasA,2,2,1,6,2,Normal,228000
171,12358,OldTown,5,6,1941,GasA,1,2,1,7,2,Normal,128500
172,31770,NAmes,6,5,1960,GasA,1,3,1,7,2,Normal,215000
173,5306,StoneBr,7,7,1987,GasA,2,2,1,5,2,Normal,239000
174,10197,NAmes,6,5,1961,GasA,1,3,1,6,2,Normal,163000
175,12416,Timber,6,5,1986,GasA,2,3,1,7,2,Normal,184000
176,12615,Edwards,6,7,1950,GasA,2,4,1,7,2,Normal,243000
177,10029,ClearCr,6,5,1988,GasA,2,4,1,8,2,Normal,211000
178,13650,Sawyer,5,5,1958,GasA,2,4,1,8,2,Normal,172500
179,17423,StoneBr,9,5,2008,GasA,2,1,1,9,3,Partial,501837
180,8520,OldTown,5,6,1923,GasA,1,2,1,5,2,Normal,100000
181,2117,Somerst,6,5,2000,GasA,2,3,1,5,2,Normal,177000
182,7588,Crawfor,7,6,1920,GasA,1,4,1,9,1,Normal,200100
183,9060,Edwards,5,6,1957,GasA,1,3,1,7,1,Normal,120000
184,11426,OldTown,7,5,2003,GasA,2,3,1,6,2,Normal,200000
185,7438,BrkSide,5,8,1908,GasA,1,3,1,5,2,Normal,127000
186,22950,OldTown,10,9,1892,GasA,2,4,1,12,3,Normal,475000
187,9947,Mitchel,7,5,1990,GasA,2,3,1,6,2,Normal,173000
188,10410,OldTown,5,7,1916,GasA,2,3,1,8,1,Normal,135000
189,7018,SawyerW,5,5,1979,GasA,0,2,2,6,2,Alloca,153337
190,4923,StoneBr,8,5,2001,GasA,1,0,1,5,2,Normal,286000
191,10570,Crawfor,8,8,1932,GasA,2,3,1,10,2,Normal,315000
192,7472,NAmes,7,9,1972,GasA,1,4,1,7,2,Normal,184000
193,9017,CollgCr,7,5,1999,GasA,2,3,1,6,2,Normal,192000
194,2522,Edwards,7,5,2004,GasA,2,3,1,7,2,Normal,130000
195,7180,CollgCr,5,7,1972,GasA,1,3,1,5,1,Normal,127000
196,2280,NPkVill,6,6,1976,GasA,2,3,1,7,2,Normal,148500
197,9416,Somerst,7,5,2007,GasA,2,3,1,8,3,Partial,311872
198,25419,NAmes,8,4,1918,GasA,2,4,1,8,2,Abnorml,235000
199,5520,OldTown,6,6,1912,GasA,1,5,1,8,0,Abnorml,104000
200,9591,NridgHt,8,5,2004,GasA,2,3,1,7,3,Normal,274900
201,8546,Edwards,4,5,2003,GasA,2,2,1,5,2,Normal,140000
202,10125,Mitchel,6,6,1977,GasA,2,3,1,6,2,Normal,171500
203,7000,OldTown,6,6,1924,GasA,2,2,1,6,1,Normal,112000
204,4438,CollgCr,6,5,2004,GasA,1,1,1,3,2,Normal,149000
205,3500,OldTown,5,7,1947,GasA,1,2,1,5,1,Normal,110000
206,11851,Gilbert,7,5,1990,GasA,2,3,1,5,2,Normal,180500
207,13673,Sawyer,5,5,1962,GasA,1,3,1,8,1,Normal,143900
208,12493,NAmes,4,5,1960,GasA,1,3,1,6,1,Normal,141000
209,14364,SawyerW,7,5,1988,GasA,2,3,1,7,2,Normal,277000
210,8250,NAmes,6,7,1964,GasA,1,3,1,6,2,Normal,145000
211,5604,Edwards,5,6,1925,GasA,1,2,1,5,0,Normal,98000
212,10420,Edwards,6,5,2009,GasA,2,3,1,6,2,Normal,186000
213,8640,Somerst,7,5,2009,GasA,2,3,1,7,2,Partial,252678
214,13568,CollgCr,5,5,1995,GasA,1,3,1,5,2,Normal,156000
215,10900,CollgCr,6,7,1977,GasA,1,3,1,6,1,Normal,161750
216,10011,NAmes,5,6,1957,GasA,1,2,1,6,1,Normal,134450
217,8450,CollgCr,7,5,2004,GasA,2,3,1,8,2,Normal,210000
218,9906,OldTown,4,4,1925,GasA,1,3,1,8,1,Family,107000
219,15660,Crawfor,7,9,1939,GasA,1,3,1,8,2,Normal,311500
220,3010,Blmngtn,7,5,2005,GasA,2,2,1,5,2,Partial,167240
221,8990,CollgCr,7,5,2006,GasA,2,2,1,5,2,Partial,204900
222,8068,Gilbert,6,5,2002,GasA,2,4,1,8,2,Normal,200000
223,11475,NWAmes,6,6,1975,GasA,2,3,1,6,2,Normal,179900
224,10500,NAmes,4,6,1971,GasA,1,2,1,4,2,Abnorml,97000
225,13472,NridgHt,10,5,2003,GasA,2,3,1,8,3,Normal,386250
226,1680,BrDale,5,5,1971,GasA,2,3,1,6,1,Abnorml,112000
227,9950,NoRidge,7,5,1995,GasA,2,4,1,9,3,Abnorml,290000
228,1869,BrDale,6,6,1970,GasA,1,2,1,5,1,Normal,106000
229,8521,Sawyer,5,5,1967,GasA,1,3,1,5,1,Normal,125000
230,3182,Blmngtn,7,5,2005,GasA,2,2,1,7,2,Normal,192500
231,8760,NAmes,6,6,1959,GasA,1,3,1,6,1,Normal,148000
232,15138,NoRidge,8,5,1995,GasA,2,4,1,9,3,Normal,403000
233,1680,BrDale,6,5,1972,GasA,1,2,1,5,1,Normal,94500
234,10650,CollgCr,5,6,1976,GasA,1,3,1,5,1,Normal,128200
235,7851,Gilbert,6,5,2002,GasA,2,4,1,8,2,Normal,216500
236,1680,BrDale,6,3,1971,GasA,1,2,1,5,1,Normal,89500
237,8773,CollgCr,7,5,2004,GasA,2,3,1,6,2,Normal,185500
238,9453,SawyerW,7,7,1993,GasA,2,3,1,7,2,Normal,194500
239,12030,NridgHt,8,5,2007,GasA,2,3,1,7,3,Partial,318000
240,8741,Edwards,6,4,1945,GasA,1,3,1,7,1,Normal,113000
241,9000,Somerst,8,5,2008,GasA,2,3,1,7,2,Normal,262500
242,3880,OldTown,5,9,1945,GasA,1,2,1,4,0,Normal,110500
243,5000,OldTown,5,4,1900,GasA,1,3,1,6,1,Normal,79000
244,10762,SawyerW,6,6,1980,GasA,1,3,1,6,1,Normal,120000
245,8880,SawyerW,7,5,1994,GasA,2,3,1,8,2,Normal,205000
246,10400,NWAmes,7,5,1988,GasA,2,3,1,6,2,Normal,241500
247,9142,OldTown,6,8,1910,GasA,2,4,2,9,1,Normal,137000
248,11310,NAmes,6,5,1954,GasA,1,2,1,5,2,Normal,140000
249,11317,CollgCr,7,5,2003,GasA,2,3,1,8,2,Normal,180000
250,159000,ClearCr,6,7,1958,GasA,2,4,1,7,2,Normal,277000
251,5350,BrkSide,3,2,1940,GasA,1,3,1,6,0,Normal,76500
252,4750,Crawfor,8,5,2006,GasA,2,2,1,5,2,Family,235000
253,8366,SawyerW,6,5,2004,GasA,2,3,1,6,2,Normal,173000
254,9350,NAmes,6,7,1964,GasA,2,3,1,7,1,Normal,158000
255,8400,NAmes,5,6,1957,GasA,1,3,1,5,1,Normal,145000
256,8738,Gilbert,7,5,1999,GasA,2,4,1,8,2,Normal,230000
257,8791,Somerst,6,5,2003,GasA,2,3,1,7,2,Normal,207500
258,8814,CollgCr,7,5,2006,GasA,2,3,1,8,2,Abnorml,220000
259,12435,CollgCr,7,5,2001,GasA,2,3,1,7,2,Normal,231500
260,12702,OldTown,5,5,1956,GasA,1,2,1,4,1,Normal,97000
261,19296,NAmes,6,5,1962,GasA,1,3,1,6,2,Normal,176000
262,9588,CollgCr,8,5,2007,GasA,2,3,1,10,3,Partial,276000
263,8471,Sawyer,6,7,1977,GasA,1,3,1,6,2,Normal,151000
264,5500,OldTown,5,7,1929,GasA,1,3,1,6,2,Normal,130000
265,5232,OldTown,5,5,1925,GasA,1,2,1,4,2,Normal,73000
266,12090,NWAmes,6,6,1981,GasA,2,3,1,7,2,Normal,175500
267,11207,Gilbert,6,5,1997,GasA,2,3,1,8,2,Normal,185000
268,8400,SWISU,5,8,1939,GasA,2,4,1,8,1,Normal,179500
269,6900,IDOTRR,5,6,1940,GasA,1,2,1,4,1,Normal,120500
270,7917,Edwards,6,7,1976,GasA,1,3,1,6,1,Normal,148000
271,10728,Somerst,8,5,2006,GasA,2,3,1,8,3,Partial,266000
272,39104,ClearCr,7,7,1954,GasA,1,2,1,5,2,Normal,241500
273,11764,NoRidge,8,7,1999,GasA,2,4,1,9,3,Normal,290000
274,9600,NAmes,6,6,1958,GasA,2,3,1,6,1,Normal,139000
275,8314,Mitchel,5,7,1982,GasA,1,2,1,5,1,Normal,124500
276,7264,BrkSide,7,7,1925,GasW,2,3,1,5,2,Normal,205000
277,9196,Mitchel,7,5,2003,GasA,2,3,1,7,2,Normal,201000
278,19138,Gilbert,4,5,1951,GasA,1,2,1,4,2,Normal,141000
279,14450,NridgHt,9,5,2006,GasA,2,3,1,8,3,Partial,415298
280,10005,ClearCr,7,5,1977,GasA,2,4,1,8,2,Normal,192000
281,11287,SawyerW,7,6,1989,GasA,2,3,1,7,2,Normal,228500
282,7200,Somerst,6,5,2006,GasA,2,2,1,5,2,Partial,185000
283,5063,NridgHt,7,5,2007,GasA,2,2,1,6,2,Normal,207500
284,9612,Somerst,8,5,2008,GasA,2,3,1,6,3,Partial,244600
285,8012,SawyerW,6,5,1992,GasA,2,2,1,5,2,Normal,179200
286,4251,Somerst,7,5,2006,GasA,2,2,1,5,2,Partial,164700
287,9786,NAmes,6,7,1962,GasA,1,3,1,7,2,Normal,159000
288,8125,NAmes,4,4,1971,GasA,1,3,1,5,0,Normal,88000
289,9819,Sawyer,5,5,1967,GasA,1,3,1,5,1,Normal,122000
290,8730,BrkSide,6,7,1915,GasA,1,3,1,7,1,Normal,153575
291,15611,CollgCr,8,5,2006,GasA,2,3,1,8,2,Partial,233230
292,5687,SWISU,5,6,1912,GasA,2,6,1,9,0,Normal,135900
293,11409,Edwards,5,4,1949,GasA,1,3,1,8,1,Normal,131000
294,16659,NWAmes,7,7,1977,GasA,2,3,1,9,2,Normal,235000
295,9600,NAmes,6,5,1953,GasA,1,3,1,7,2,Normal,167000
296,7937,Mitchel,6,6,1984,GasA,1,3,1,6,2,Normal,142500
297,13710,IDOTRR,5,5,1950,GasA,1,4,1,6,1,Normal,152000
298,7399,Somerst,7,5,1997,GasA,2,3,1,7,2,Normal,239000
299,11700,NWAmes,6,6,1968,GasA,1,3,1,7,2,Normal,175000
300,14000,Crawfor,6,8,1950,GasA,1,3,1,6,1,Family,158500
301,15750,Crawfor,5,5,1953,GasA,1,2,1,5,1,Normal,157000
302,16226,CollgCr,8,5,1998,GasA,2,4,1,9,2,Normal,267000
303,13704,CollgCr,7,5,2001,GasA,2,3,1,6,3,Normal,205000
304,9800,CollgCr,5,7,1972,GasA,1,3,1,5,2,Abnorml,149900
305,18386,OldTown,7,9,1880,GasA,3,3,1,10,3,Normal,295000
306,10386,CollgCr,8,5,2004,GasA,2,3,1,8,3,Normal,305900
307,13474,SawyerW,7,5,1990,GasA,2,4,1,8,3,Normal,225000
308,7920,IDOTRR,6,7,1920,GasA,1,3,1,6,0,Normal,89500
309,12342,Edwards,4,5,1940,GasA,1,1,1,4,2,Normal,82500
310,12378,NridgHt,9,5,2003,GasA,2,3,1,8,3,Normal,360000
311,7685,Gilbert,6,5,1993,GasA,2,3,1,6,2,Normal,165600
312,8000,NAmes,6,6,1948,GasA,1,2,1,5,1,Normal,132000
313,7800,OldTown,5,7,1939,GasA,1,3,1,5,2,Normal,119900
314,215245,Timber,7,5,1965,GasW,2,3,1,8,2,Normal,375000
315,9600,OldTown,7,7,1925,GasA,1,3,1,6,2,Normal,178000
316,7795,Gilbert,7,5,2004,GasA,2,3,1,6,2,Normal,188500
317,13005,NWAmes,7,7,1980,GasA,2,4,1,10,2,Normal,260000
318,9000,Somerst,8,5,2006,GasA,2,3,1,8,3,Normal,270000
319,9900,NoRidge,7,5,1993,GasA,2,4,1,9,3,Normal,260000
320,14115,NWAmes,7,5,1980,GasA,2,3,1,6,2,Normal,187500
321,16259,NridgHt,9,5,2006,GasA,3,4,1,9,3,Partial,342643
322,12099,NridgHt,8,5,2004,GasA,2,4,1,10,3,Normal,354000
323,10380,SawyerW,7,5,1986,GasA,2,4,1,8,2,Normal,301000
324,5820,OldTown,3,8,1955,GasA,1,3,1,6,1,Normal,126175
325,11275,NAmes,7,7,1967,GasA,2,5,1,11,2,Normal,242000
326,5000,IDOTRR,5,6,1941,GasA,1,2,1,5,2,Normal,87000
327,10846,Veenker,8,5,1993,GasA,1,1,1,6,2,Normal,324000
328,11600,NAmes,6,5,1960,GasA,1,3,1,7,1,Normal,145250
329,11888,BrkSide,6,6,1916,GasA,2,5,1,10,2,Normal,214500
330,6402,IDOTRR,5,5,1920,GasA,1,3,1,6,1,Normal,78000
331,10624,NAmes,5,4,1964,GasA,2,6,2,10,1,Normal,119000
332,8176,NAmes,5,6,1958,GasA,1,3,1,6,1,Normal,139000
333,10655,NridgHt,8,5,2003,GasA,2,3,1,7,3,Normal,284000
334,8198,NridgHt,7,5,2004,GasA,2,2,1,6,2,Normal,207000
335,9042,Gilbert,6,5,1998,GasA,2,3,1,7,2,Normal,192000
336,164660,Timber,5,6,1965,GasA,2,3,1,7,2,Normal,228950
337,14157,StoneBr,9,5,2005,GasA,2,3,1,8,3,Normal,377426
338,9135,CollgCr,7,5,2002,GasA,2,3,1,7,2,Normal,214000
339,14145,NWAmes,7,7,1984,GasA,2,3,1,8,2,Normal,202500
340,12400,NAmes,6,7,1958,GasA,1,3,1,6,1,Normal,155000
341,14191,Timber,8,5,2002,GasA,2,4,1,9,2,Normal,202900
342,8400,SawyerW,4,4,1950,GasA,1,2,1,4,1,Normal,82000
343,8544,NAmes,3,4,1949,Wall,2,2,2,6,2,Normal,87500
344,8849,NridgHt,9,5,2005,GasA,2,2,1,6,2,Normal,266000
345,2592,MeadowV,5,3,1976,GasA,1,3,1,4,1,Normal,85000
346,6435,BrkSide,6,5,1939,GasA,1,3,1,6,1,Normal,140200
347,12772,NAmes,6,8,1960,GasA,1,2,1,5,1,Normal,151500
348,17600,NAmes,6,5,1960,GasA,2,3,1,6,2,Normal,157500
349,2448,NridgHt,7,5,2003,GasA,2,2,1,6,2,Normal,154000
350,20431,NridgHt,9,5,2005,GasA,2,4,1,10,3,Partial,437154
351,7820,NridgHt,9,5,2007,GasA,2,2,1,6,2,Partial,318061
352,5271,ClearCr,7,5,1986,GasA,1,2,1,6,2,Abnorml,190000
353,9084,Edwards,5,6,1941,GasA,1,3,1,5,1,Normal,95000
354,8520,OldTown,6,8,1928,GasA,1,2,1,5,2,Normal,105900
355,8400,SWISU,6,5,1940,GasA,1,2,1,6,1,Normal,140000
356,11249,CollgCr,6,5,1995,GasA,2,3,1,6,2,Normal,177500
357,9248,Gilbert,6,6,1992,GasA,2,3,1,6,2,Normal,173000
358,4224,MeadowV,5,5,1976,GasA,1,3,1,6,2,Normal,134000
359,6930,ClearCr,5,4,1958,GasA,1,3,1,6,1,Abnorml,130000
360,12011,NoRidge,8,5,1998,GasA,2,3,1,7,2,Normal,280000
361,7540,Mitchel,6,6,1978,GasA,1,2,1,5,2,Normal,156000
362,9144,BrkSide,5,5,1940,GasA,1,3,1,8,1,Normal,145000
363,7301,Edwards,7,5,2003,GasA,3,4,1,7,2,Normal,198500
364,1680,BrDale,6,8,1972,GasA,1,2,1,5,1,Normal,118000
365,18800,NWAmes,6,5,1976,GasA,2,3,1,6,2,Normal,190000
366,10690,IDOTRR,5,7,1920,GasA,1,3,1,6,1,Normal,147000
367,9500,NAmes,6,5,1963,GasA,1,3,1,6,2,Normal,159000
368,9150,NAmes,6,5,1962,GasA,1,3,1,6,1,Normal,165000
369,7800,NAmes,5,6,1954,GasA,1,2,1,7,1,Normal,132000
370,9830,NAmes,5,7,1959,GasA,1,3,1,7,2,Normal,162000
371,8121,Gilbert,6,5,2000,GasA,2,3,1,7,2,Normal,172400
372,17120,ClearCr,4,4,1959,GasA,2,4,1,7,2,Normal,134432
373,7175,SawyerW,6,5,1984,GasA,1,2,1,4,1,Normal,125000
374,10634,NAmes,5,6,1953,GasA,1,3,1,5,1,Normal,123000
375,8200,CollgCr,7,5,2003,GasA,2,4,1,8,2,Normal,219500
376,10020,Edwards,1,1,1922,GasA,0,1,1,4,0,Normal,61000
377,8846,CollgCr,5,5,1996,GasA,1,2,1,5,2,Normal,148000
378,11143,Somerst,8,5,2004,GasA,3,4,1,8,2,Normal,340000
379,11394,StoneBr,9,2,2010,GasA,1,1,1,8,3,Partial,394432
380,8123,Gilbert,6,5,2000,GasA,2,3,1,7,2,Normal,179000
381,5000,SWISU,5,6,1924,GasA,2,3,1,6,1,Normal,127000
382,7200,Somerst,7,5,2006,GasA,2,2,1,5,2,Partial,187750
383,9245,CollgCr,7,5,2006,GasA,2,3,1,8,2,Normal,213500
384,9000,SawyerW,6,3,1928,GasA,1,2,1,5,2,Normal,76000
385,53107,ClearCr,6,5,1992,GasA,2,3,1,9,2,Normal,240000
386,3182,Blmngtn,8,5,2004,GasA,2,2,1,6,2,Normal,192000
387,8410,Edwards,5,3,1910,GasA,1,5,1,8,0,AdjLand,81000
388,7200,Edwards,6,6,1976,GasA,1,3,1,6,1,Abnorml,125000
389,9382,CollgCr,7,5,1999,GasA,2,3,1,6,2,Normal,191000
390,12474,NridgHt,10,5,2007,GasA,2,3,1,9,3,Partial,426000
391,8405,Edwards,5,8,1900,GasA,1,4,1,7,1,Normal,119000
392,12209,Mitchel,6,5,2001,GasA,2,3,1,7,2,Normal,215000
393,8339,NAmes,5,7,1959,GasA,1,3,1,5,1,Normal,106500
394,7446,BrkSide,4,5,1941,GasA,1,2,1,4,0,Abnorml,100000
395,10134,OldTown,5,6,1940,GasA,1,2,1,5,1,Normal,109000
396,9571,Edwards,5,6,1956,GasA,1,3,1,6,1,Normal,129000
397,7200,CollgCr,5,5,1972,GasA,1,2,1,6,2,Normal,123000
398,7590,NAmes,5,5,1962,GasA,2,4,1,8,1,Normal,169500
399,8967,IDOTRR,5,2,1920,GasA,1,2,1,6,1,Abnorml,67000
400,8125,Somerst,7,5,2006,GasA,2,2,1,7,2,Normal,241000
401,14963,Veenker,8,5,1996,GasA,1,1,1,4,2,Normal,245500
402,8767,CollgCr,7,5,2005,GasA,2,3,1,6,2,Partial,164990
403,10200,Sawyer,5,8,1940,GasA,1,2,1,4,1,Normal,108000
404,12090,NoRidge,8,5,1998,GasA,2,4,1,10,2,Abnorml,258000
405,10364,Gilbert,6,5,1995,GasA,2,3,1,7,2,Normal,168000
406,9991,Sawyer,4,4,1976,GasA,2,3,1,8,2,Normal,150000
407,10480,SWISU,6,5,1936,GasA,1,3,1,6,1,Normal,115000
408,15576,Crawfor,6,7,1915,GasA,2,4,1,8,1,Normal,177000
409,14154,NridgHt,7,5,2006,GasA,2,3,1,9,3,Partial,280000
410,10800,Somerst,8,5,2007,GasA,2,3,1,8,3,Partial,339750
411,9571,Edwards,5,3,1958,GasA,1,3,1,5,1,Abnorml,60000
412,34650,Gilbert,5,5,1955,GasA,1,3,1,5,2,Normal,145000
413,4403,Somerst,7,5,2009,GasA,2,2,1,7,2,Partial,222000
414,8960,OldTown,5,6,1927,GasA,1,2,1,5,2,Normal,115000
415,11228,SawyerW,7,5,1993,GasA,2,3,1,9,3,Normal,228000
416,8899,Gilbert,7,5,2007,GasA,2,3,1,6,2,Partial,181134
417,7844,Sawyer,6,7,1978,GasA,1,3,1,6,2,Normal,149500
418,22420,Crawfor,6,6,1918,GasW,2,4,1,10,3,Normal,239000
419,8160,Edwards,5,6,1940,GasA,1,3,1,7,1,AdjLand,126000
420,8450,NAmes,5,6,1968,GasA,1,3,1,6,1,Normal,142000
421,7060,Mitchel,7,5,1997,GasA,2,2,2,8,4,Alloca,206300
422,16635,NWAmes,6,7,1977,GasA,2,3,1,8,2,Normal,215000
423,21750,Mitchel,5,5,1954,GasA,1,2,1,4,2,Normal,113000
424,9200,NoRidge,8,5,1998,GasA,2,4,1,8,3,Normal,315000
425,9000,NAmes,6,5,1956,GasA,1,2,1,6,1,Normal,139000
426,3378,OldTown,7,8,1946,GasA,1,3,1,6,1,Normal,135000
427,12800,SawyerW,7,5,1989,GasA,2,2,1,5,2,Normal,275000
428,8593,NAmes,4,6,1957,GasA,1,3,1,5,1,Normal,109008
429,6762,CollgCr,7,5,2007,GasA,2,2,1,6,2,Partial,195400
430,11457,Timber,6,5,1988,GasA,2,3,1,6,2,Normal,175000
431,1680,BrDale,6,5,1971,GasA,1,2,1,4,1,Abnorml,85400
432,5586,OldTown,6,7,1920,GasA,1,4,1,7,0,Abnorml,79900
433,1920,BrDale,5,5,1971,GasA,1,2,1,6,2,Normal,122500
434,10839,Gilbert,6,5,1997,GasA,2,3,1,7,2,Normal,181000
435,1890,MeadowV,4,7,1972,GasA,1,1,1,3,0,Normal,81000
436,10667,CollgCr,7,6,1996,GasA,2,3,1,6,2,Normal,212000
437,4400,OldTown,6,8,1920,GasA,1,2,1,6,2,Normal,116000
438,6000,BrkSide,6,7,1926,GasA,1,2,1,4,1,Normal,119000
439,4280,Crawfor,5,6,1913,GasA,1,2,1,4,1,Normal,90350
440,12354,Edwards,6,8,1920,GasA,1,3,1,7,2,Normal,110000
441,15431,NridgHt,10,5,2008,GasA,2,2,1,10,3,Normal,555000
442,12108,Edwards,4,4,1955,GasA,2,4,2,8,0,Normal,118000
443,6240,BrkSide,5,7,1930,GasA,2,3,1,8,2,Normal,162900
444,3922,Blmngtn,7,5,2006,GasA,2,2,1,6,3,Partial,172500
445,8750,CollgCr,7,5,1994,GasA,2,4,1,8,2,Normal,210000
446,9855,Edwards,6,5,1956,GasA,1,3,1,7,2,Normal,127500
447,16492,NAmes,6,6,1966,GasA,2,2,1,6,2,Normal,190000
448,11214,Gilbert,7,5,1998,GasA,2,4,1,10,2,Normal,199900
449,8600,IDOTRR,6,6,1937,GasA,2,3,1,7,1,Normal,119500
450,6000,OldTown,3,7,1948,GasA,1,2,1,6,1,Normal,120000
451,5684,OldTown,6,8,1930,GasA,1,2,1,5,1,Normal,110000
452,70761,ClearCr,7,5,1975,GasA,2,2,1,5,2,Normal,280000
453,9303,Timber,6,5,1996,GasA,2,3,1,7,2,Normal,204000
454,9000,Somerst,8,5,2008,GasA,2,3,1,6,2,Normal,210000
455,9297,Mitchel,5,5,1976,GasA,2,4,2,8,2,Family,188000
456,9600,NWAmes,7,6,1973,GasA,1,3,1,6,2,Normal,175500
457,4571,OldTown,5,5,1916,GasA,1,4,1,7,3,Abnorml,98000
458,53227,ClearCr,4,6,1954,GasA,1,2,1,6,2,Normal,256000
459,5100,OldTown,8,7,1925,GasA,1,3,1,7,1,Normal,161000
460,7015,BrkSide,5,4,1950,GasA,1,3,1,5,1,Normal,110000
461,8004,Somerst,8,5,2009,GasA,2,3,1,8,2,Partial,263435
462,7200,SWISU,7,9,1936,GasA,1,3,1,6,2,Normal,155000
463,8281,Sawyer,5,5,1965,GasA,1,3,1,5,1,Normal,62383
464,11988,Crawfor,6,7,1934,GasA,1,3,1,6,1,Normal,188700
465,8430,CollgCr,5,5,1978,GasA,2,3,1,5,0,Normal,124000
466,3072,Blmngtn,7,5,2004,GasA,2,2,1,6,2,Normal,178740
467,10628,NAmes,7,5,1970,GasA,1,2,1,5,2,Normal,167000
468,9480,NAmes,5,7,1942,GasA,1,3,1,7,1,Normal,146500
469,11428,NridgHt,8,5,2006,GasA,2,3,1,7,3,Normal,250000
470,9291,SawyerW,6,5,1993,GasA,2,3,1,7,2,Normal,187000
471,6820,StoneBr,8,5,1985,GasA,1,1,1,4,2,Normal,212000
472,11952,NWAmes,7,6,1977,GasA,2,3,1,8,2,Normal,190000
473,3675,Edwards,6,5,2005,GasA,1,2,1,5,2,Normal,148000
474,14977,NridgHt,8,5,2006,GasA,2,2,1,7,3,Partial,440000
475,5330,StoneBr,8,5,2000,GasA,2,2,1,6,2,Normal,251000
476,8480,Sawyer,5,6,1963,GasA,1,2,1,5,2,Normal,132500
477,13125,CollgCr,6,5,1997,GasA,2,3,1,7,2,Normal,208900
478,13693,NridgHt,9,5,2006,GasA,2,3,1,9,3,Normal,380000
479,10637,CollgCr,8,5,2007,GasA,2,3,1,7,3,Normal,297000
480,5925,OldTown,4,7,1937,GasA,1,2,1,7,2,Alloca,89471
481,16033,NridgHt,9,5,2004,GasA,2,3,1,8,3,Normal,326000
482,11846,NridgHt,9,5,2003,GasA,2,2,1,6,3,Normal,374000
483,2500,OldTown,7,8,1915,GasA,1,4,1,7,1,Normal,155000
484,4500,Mitchel,6,5,1998,GasA,2,2,1,5,2,Normal,164000
485,7758,Sawyer,5,7,1962,GasA,1,3,1,6,1,Normal,132500
486,9600,NAmes,5,7,1950,GasA,1,3,1,5,1,Normal,147000
487,10289,NAmes,5,7,1965,GasA,1,3,1,6,2,Normal,156000
488,12243,NWAmes,5,6,1971,GasA,2,3,1,7,2,Normal,175000
489,10800,OldTown,5,4,1900,GasA,2,3,2,10,2,Normal,160000
490,1526,MeadowV,4,8,1970,GasA,1,1,1,3,1,Normal,86000
491,2665,MeadowV,5,6,1976,GasA,1,3,1,4,1,Normal,115000
492,9490,NAmes,6,7,1941,GasA,1,3,1,5,1,Normal,133000
493,15578,Gilbert,6,5,2006,GasA,2,3,1,8,2,Partial,172785
494,7931,NAmes,5,6,1960,GasA,1,3,1,6,1,Normal,155000
495,5784,OldTown,5,8,1938,GasA,1,2,1,4,1,Normal,91300
496,7879,IDOTRR,4,5,1920,GasA,1,2,1,4,0,Abnorml,34900
497,12692,NoRidge,8,5,1992,GasA,3,4,1,10,2,Normal,430000
498,9120,BrkSide,7,6,1925,GasA,2,4,1,8,1,Normal,184000
499,7800,Sawyer,5,7,1967,GasA,1,3,1,5,1,Normal,130000
500,7535,NAmes,5,7,1958,GasA,1,2,1,5,1,Normal,120000
501,1890,BrDale,6,5,1973,GasA,1,3,1,7,1,Normal,113000
502,9803,Somerst,7,5,2005,GasA,2,3,1,7,2,Normal,226700
503,9170,Edwards,5,7,1965,GasA,1,2,1,6,2,Normal,140000
504,15602,Crawfor,7,8,1959,GasA,2,1,1,6,2,Normal,289000
505,2308,NPkVill,6,5,1974,GasA,2,3,1,6,2,Normal,147000
506,7596,OldTown,5,5,1952,GasA,2,4,2,10,2,Normal,124500
507,9554,SawyerW,8,5,1993,GasA,2,3,1,8,2,Normal,215000
508,7862,Somerst,6,5,2009,GasA,2,2,1,4,2,Partial,208300
509,9600,OldTown,7,9,1928,GasA,2,3,1,7,2,Normal,161000
510,9600,NAmes,5,6,1959,GasA,1,3,1,6,1,Normal,124500
511,14559,NAmes,5,7,1951,GasA,1,2,1,6,1,Normal,164900
512,6792,NridgHt,7,5,2005,GasA,2,2,1,6,2,Partial,202665
513,9100,NAmes,5,5,1958,GasA,1,3,1,5,2,Normal,129900
514,9187,Mitchel,6,5,1983,GasA,1,3,1,5,2,Normal,134000
515,10594,Crawfor,5,5,1926,Grav,1,2,1,5,1,Normal,96500
516,12220,NridgHt,10,5,2009,GasA,2,3,1,9,3,Partial,402861
517,10448,NWAmes,6,6,1972,GasA,2,3,1,7,2,Abnorml,158000
518,10208,NoRidge,7,5,1996,GasA,2,3,1,7,3,Normal,265000
519,9531,CollgCr,6,5,1998,GasA,2,3,1,7,2,Normal,211000
520,10918,Crawfor,7,9,1926,GasA,1,3,1,9,1,Normal,234000
521,10800,OldTown,4,7,1900,GasA,2,3,2,7,0,Normal,106250
522,11988,NAmes,6,6,1957,GasA,1,3,1,6,1,Normal,150000
523,5000,BrkSide,6,7,1947,GasA,2,3,1,7,2,Normal,159000
524,40094,Edwards,10,5,2007,GasA,3,3,1,11,3,Partial,184750
525,11787,NoRidge,7,5,1996,GasA,2,3,1,8,3,Normal,315750
526,7500,Somerst,7,5,2005,GasA,2,3,1,6,2,Normal,176000
527,13300,NAmes,5,7,1956,GasA,1,2,1,4,1,Normal,132000
528,14948,NridgHt,9,5,2008,GasA,2,3,1,11,3,Partial,446261
529,9098,Edwards,4,7,1920,GasA,1,2,1,5,0,Normal,86000
530,32668,Crawfor,6,3,1957,GasA,3,4,2,9,2,Alloca,200624
531,10200,Timber,6,5,1988,GasA,2,3,1,5,2,Abnorml,175000
532,6155,BrkSide,6,8,1920,GasA,2,3,1,6,2,Normal,128000
533,7200,NAmes,5,7,1955,GasA,1,2,1,5,1,Normal,107500
534,5000,BrkSide,1,3,1946,GasA,1,1,1,2,0,Normal,39300
535,9056,Gilbert,8,5,2004,GasA,2,3,1,6,2,Normal,178000
536,7000,Edwards,5,7,1910,GasA,1,3,1,5,0,Normal,107500
537,8924,CollgCr,7,5,1998,GasA,2,3,1,8,2,Normal,188000
538,12735,NAmes,4,5,1972,GasA,1,3,1,5,2,Normal,111250
539,11553,Sawyer,5,5,1968,GasA,1,3,1,7,1,Normal,158000
540,11423,CollgCr,8,5,2001,GasA,2,3,1,6,2,Normal,272000
541,14601,Timber,9,5,2006,GasA,2,2,1,8,3,Normal,315000
542,11000,NoRidge,8,5,2000,GasA,2,4,1,8,3,Normal,248000
543,10140,NWAmes,7,5,1998,GasA,2,3,1,7,2,Normal,213250
544,4058,NAmes,7,5,1998,GasA,1,1,1,4,1,Normal,133000
545,17104,Gilbert,7,5,2006,GasA,2,3,1,7,2,Partial,179665
546,13837,NWAmes,7,5,1988,GasA,2,4,1,9,3,Normal,229000
547,8737,BrkSide,6,7,1923,GasA,1,3,1,6,2,Normal,210000
548,7244,Mitchel,5,7,1970,GasA,1,2,1,5,2,Normal,129500
549,8235,OldTown,5,7,1955,GasA,1,2,1,4,2,Normal,125000
550,9375,Somerst,7,5,2003,GasA,2,4,1,8,2,Normal,263000
551,4043,NPkVill,6,6,1977,GasA,2,2,1,4,2,Abnorml,140000
552,6000,OldTown,5,6,1957,GasA,1,3,1,5,1,Normal,112500
553,11146,NridgHt,8,5,2006,GasA,2,3,1,7,3,Normal,255500
554,8777,Edwards,4,5,1949,GasA,2,2,1,5,2,Normal,108000
555,10625,NridgHt,7,5,2003,GasA,2,3,1,8,3,Normal,284000
556,6380,BrkSide,5,6,1922,GasA,1,2,1,5,1,Normal,113000
557,14850,NAmes,5,5,1957,GasA,1,2,1,6,1,Normal,141000
558,11040,IDOTRR,4,6,1920,GasA,1,3,1,7,1,Normal,108000
559,21872,Gilbert,7,5,1996,GasA,2,3,1,6,2,Normal,175000
560,3196,Blmngtn,7,5,2003,GasA,2,2,1,7,2,Normal,234000
561,11341,Sawyer,5,6,1957,GasA,1,3,1,5,2,Normal,121500
562,10010,Mitchel,5,5,1974,GasA,1,2,1,6,2,Normal,170000
563,13907,Edwards,5,6,1940,GasA,1,3,1,6,0,Normal,108000
564,21780,Edwards,6,7,1918,GasA,2,4,1,8,2,Normal,185000
565,13346,NoRidge,7,5,1992,GasA,2,4,1,9,2,Normal,268000
566,6858,SWISU,6,4,1915,GasA,1,4,1,6,1,Normal,128000
567,11198,StoneBr,9,5,2005,GasA,2,4,1,11,3,Normal,325000
568,10171,NridgHt,7,5,2004,GasA,2,3,1,7,2,Normal,214000
569,12327,SawyerW,8,8,1983,GasA,1,1,1,5,2,Normal,316600
570,7032,NAmes,5,5,1979,GasA,1,2,1,4,2,Normal,135960
571,13101,NAmes,5,5,1965,GasA,2,6,2,10,2,Normal,142600
572,7332,NAmes,6,6,1959,GasA,1,2,1,4,1,Abnorml,120000
573,13159,Timber,7,5,2009,GasA,2,3,1,6,2,Partial,224500
574,9967,Gilbert,7,5,2000,GasA,2,3,1,8,2,Normal,170000
575,10500,NAmes,5,7,1971,GasA,1,3,1,5,1,Normal,139000
576,8480,NAmes,5,5,1947,GasA,1,2,1,6,1,Abnorml,118500
577,6292,SWISU,7,7,1928,GasA,2,3,1,6,1,Normal,145000
578,11777,Sawyer,5,6,1966,GasA,1,3,1,6,2,Abnorml,164500
579,3604,Somerst,7,5,2007,GasA,2,2,1,5,2,Abnorml,146000
580,12150,OldTown,5,5,1954,GasA,2,4,1,7,1,Normal,131500
581,14585,NAmes,6,6,1960,GasA,1,3,1,7,2,Normal,181900
582,12704,NridgHt,8,5,2008,GasA,2,3,1,8,3,Partial,253293
583,11841,Edwards,6,5,1990,GasA,1,3,1,5,0,Normal,118500
584,13500,OldTown,10,9,1893,GasA,3,3,1,9,2,Normal,325000
585,6120,BrkSide,4,7,1935,GasA,1,3,1,6,1,Normal,133000
586,11443,Timber,8,5,2005,GasA,2,2,1,7,3,Partial,369900
587,10267,BrkSide,6,7,1918,GasA,1,2,1,5,1,Normal,130000
588,8740,Sawyer,5,6,1982,GasA,1,2,1,4,2,Normal,137000
589,25095,ClearCr,5,8,1968,GasA,1,1,1,5,1,Partial,143000
590,9100,BrkSide,5,6,1930,GasA,1,2,1,4,1,Normal,79500
591,8320,CollgCr,7,5,2004,GasA,2,3,1,6,2,Normal,185900
592,13478,NridgHt,10,5,2008,GasA,2,3,1,10,3,Normal,451950
593,6600,Mitchel,5,8,1982,GasA,1,2,1,4,2,Normal,138000
594,4435,CollgCr,6,5,2003,GasA,1,1,1,4,2,Normal,140000
595,7990,CollgCr,5,6,1975,GasA,1,3,1,5,1,Normal,110000
596,11302,StoneBr,8,5,2005,GasA,2,3,1,7,3,Partial,319000
597,3600,OldTown,6,7,1910,GasA,1,3,1,7,1,Normal,114504
598,3922,Blmngtn,7,5,2006,GasA,0,2,1,7,3,Partial,194201
599,12984,Crawfor,5,6,1977,GasA,2,3,1,7,2,Normal,217500
600,1950,Blueste,6,6,1980,GasA,2,3,1,6,2,Normal,151000
601,10927,NridgHt,8,5,2005,GasA,2,3,1,8,2,Normal,275000
602,9000,IDOTRR,6,6,1937,GasA,1,3,1,6,1,Normal,141000
603,10041,SawyerW,8,5,1992,GasA,2,3,1,8,2,Abnorml,220000
604,3182,Somerst,7,5,2004,GasA,2,2,1,4,2,Normal,151000
605,12803,CollgCr,7,5,2002,GasA,2,3,1,6,2,Normal,221000
606,13600,NAmes,7,6,1965,GasA,2,3,1,7,2,Normal,205000
607,12464,CollgCr,5,5,1996,GasA,1,3,1,6,2,Normal,152000
608,7800,Edwards,5,8,1948,GasA,3,3,1,8,1,Normal,225000
609,12168,Crawfor,8,6,1934,GasA,2,4,1,10,2,Alloca,359100
610,7943,Sawyer,4,5,1961,GasA,1,3,1,5,1,Normal,118500
611,11050,CollgCr,9,5,2000,GasA,2,3,1,8,3,Normal,313000
612,10395,NWAmes,6,6,1978,GasA,2,3,1,6,2,Normal,148000
613,11885,CollgCr,8,5,2001,GasA,2,3,1,7,2,Normal,261500
614,8402,Mitchel,5,5,2007,GasA,1,3,1,6,0,Partial,147000
615,1491,MeadowV,4,6,1972,GasA,1,1,1,3,0,Normal,75500
616,8800,NAmes,6,7,1963,GasA,1,3,1,6,2,Abnorml,137500
617,7861,Gilbert,6,5,2002,GasA,2,3,1,7,2,Normal,183200
618,7227,NAmes,6,6,1954,GasA,1,2,1,4,2,Normal,105500
619,11694,NridgHt,9,5,2007,GasA,2,3,1,9,3,Partial,314813
620,12244,Timber,8,5,2003,GasA,2,4,1,10,3,Normal,305000
621,8248,Edwards,3,3,1914,GasA,1,2,1,5,0,Normal,67000
622,10800,NWAmes,6,7,1974,GasA,2,4,1,9,2,Normal,240000
623,7064,Sawyer,5,6,1977,GasA,1,3,1,6,2,Normal,135000
624,2117,Somerst,6,5,2000,GasA,2,2,1,4,2,Normal,168500
625,10400,NWAmes,6,5,1972,GasA,1,4,1,8,2,Normal,165150
626,10000,NAmes,6,6,1962,GasA,1,3,1,5,2,Normal,160000
627,12342,NAmes,5,5,1960,GasA,1,3,1,6,1,Normal,139900
628,9600,NAmes,6,6,1955,GasA,1,3,1,7,1,Normal,153000
629,11606,NAmes,5,5,1969,GasA,1,5,1,9,2,Family,135000
630,9020,NAmes,6,5,1964,GasA,1,3,1,6,2,Normal,168500
631,9000,OldTown,5,6,1880,GasA,1,3,1,8,1,Abnorml,124000
632,4590,NridgHt,8,5,2006,GasA,2,2,1,6,2,Normal,209500
633,11900,NWAmes,7,5,1977,GasA,2,3,1,6,2,Family,82500
634,9250,NAmes,5,7,1954,GasA,1,3,1,6,1,Normal,139400
635,6979,OldTown,6,5,1980,GasA,0,0,2,4,2,Normal,144000
636,10896,SWISU,6,7,1914,GasA,2,8,2,14,0,Abnorml,200000
637,6120,BrkSide,2,3,1936,Grav,1,1,1,4,0,Normal,60000
638,6000,OldTown,5,4,1954,GasA,2,3,2,7,1,Normal,93000
639,8777,Edwards,5,7,1910,GasA,1,2,1,4,0,Normal,85000
640,3982,Blmngtn,8,5,2006,GasA,2,1,1,7,3,Partial,264561
641,12677,NridgHt,8,5,2003,GasA,1,1,1,6,2,Normal,274000
642,7050,Somerst,7,5,2001,GasA,2,3,1,7,2,Normal,226000
643,13860,NAmes,8,7,1972,GasA,2,4,1,9,2,Normal,345000
644,10793,NWAmes,5,5,1969,GasA,2,4,1,7,2,Normal,152000
645,9187,Somerst,9,5,2009,GasA,2,2,1,7,3,Partial,370878
646,10530,NAmes,6,5,1971,GasA,1,3,1,5,2,Normal,143250
647,7200,NAmes,5,5,1950,GasA,1,3,1,7,2,Normal,98300
648,10452,Edwards,6,5,1953,GasA,1,3,1,5,2,Normal,155000
649,7700,NAmes,6,5,1966,GasA,1,4,1,7,2,Normal,155000
650,1936,MeadowV,4,6,1970,GasA,1,1,1,3,0,Normal,84500
651,8125,Somerst,7,6,2007,GasA,2,3,1,7,2,Normal,205950
652,9084,Edwards,4,5,1940,GasA,1,4,1,7,1,Normal,108000
653,8750,CollgCr,7,5,1996,GasA,2,2,1,7,2,Normal,191000
654,10320,IDOTRR,6,7,1906,GasA,1,3,1,7,1,Normal,135000
655,10437,NoRidge,8,6,1995,GasA,2,2,1,7,3,Normal,350000
656,1680,BrDale,6,5,1971,GasA,1,3,1,6,1,Family,88000
657,10007,NAmes,5,7,1959,GasA,1,3,1,5,1,Normal,145500
658,7200,Crawfor,7,6,1931,GasA,1,3,1,6,1,Normal,149000
659,17503,NAmes,6,5,1948,GasA,1,3,1,6,1,Abnorml,97500
660,9937,Edwards,5,7,1964,GasA,1,3,1,7,2,Normal,167000
661,12384,NWAmes,7,7,1976,GasA,2,3,1,7,2,Normal,197900
662,46589,NoRidge,8,7,1994,GasA,2,4,1,8,3,Normal,402000
663,13560,NAmes,6,3,1968,GasA,1,2,1,5,2,Normal,110000
664,10012,Edwards,4,5,1972,GasA,2,3,1,6,2,Normal,137500
665,20896,Somerst,8,5,2005,GasA,1,1,1,8,3,Partial,423000
666,11194,Gilbert,8,5,2000,GasA,2,3,1,7,2,Normal,230500
667,18450,NAmes,6,5,1965,GasA,2,3,1,7,2,Abnorml,129000
668,8125,SawyerW,6,5,1994,GasA,2,3,1,7,2,Normal,193500
669,14175,Sawyer,5,6,1956,GasA,1,3,1,6,2,Normal,168000
670,11600,Crawfor,4,5,1922,GasA,1,2,1,5,1,Normal,137500
671,8633,CollgCr,6,5,2005,GasA,2,3,1,7,2,Normal,173500
672,6629,Edwards,6,6,1925,GasA,2,3,1,6,1,Normal,103600
673,11250,Veenker,6,6,1977,GasA,1,3,1,6,2,Normal,165000
674,14442,Crawfor,6,7,1957,GasA,2,3,1,7,2,Normal,257500
675,9200,NAmes,6,6,1965,GasA,1,3,1,5,1,Normal,140000
676,2289,NPkVill,6,6,1978,GasA,2,3,1,7,2,Normal,148500
677,9600,OldTown,4,2,1900,GasW,2,4,2,8,3,Normal,87000
678,9022,OldTown,5,8,1924,GasA,1,2,1,5,1,Normal,109500
679,11844,StoneBr,8,5,2008,GasA,2,3,1,7,3,Partial,372500
680,9945,Sawyer,5,5,1961,GasA,1,3,1,5,2,Normal,128500
681,8012,SawyerW,6,5,1980,GasA,2,2,1,5,1,Normal,143000
682,4500,SWISU,5,5,1932,GasA,1,3,1,6,1,Abnorml,159434
683,2887,ClearCr,6,5,1996,GasA,1,2,1,6,2,Normal,173000
684,11248,CollgCr,9,5,2002,GasA,2,3,1,7,3,Normal,285000
685,16770,NoRidge,7,5,1998,GasA,2,4,1,7,2,Normal,221000
686,5062,StoneBr,7,5,1984,GasA,2,3,1,6,2,Normal,207500
687,10207,Somerst,7,6,2007,GasA,3,3,1,7,2,Partial,227875
688,5105,Somerst,7,5,2004,GasA,2,2,1,4,2,Normal,148800
689,8089,StoneBr,8,6,2007,GasA,2,2,1,7,2,Partial,392000
690,7577,NridgHt,6,5,2005,GasA,2,2,1,6,2,Normal,194700
691,4426,CollgCr,6,5,2004,GasA,1,1,1,3,2,Normal,141000
692,21535,NoRidge,10,6,1994,GasA,3,4,1,10,3,Normal,755000
693,26178,Timber,7,5,1989,GasA,2,4,1,9,2,Normal,335000
694,5400,OldTown,5,6,1921,GasA,1,2,1,4,1,Abnorml,108480
695,6120,BrkSide,5,6,1936,GasA,1,3,1,5,2,Normal,141500
696,13811,Timber,6,6,1987,GasA,2,2,1,5,2,Normal,176000
697,6000,BrkSide,5,7,1921,GasA,1,2,1,4,1,Normal,89000
698,6420,Edwards,5,7,1952,GasA,1,2,1,6,1,Normal,123500
699,8450,Sawyer,5,8,1965,GasA,1,3,1,5,1,Normal,138500
700,4282,Somerst,7,5,2004,GasA,2,2,1,5,2,Normal,196000
701,14331,Timber,8,5,2002,GasA,2,3,1,7,3,Normal,312500
702,9600,NWAmes,7,5,1969,GasA,1,3,1,6,2,Normal,140000
703,12438,StoneBr,8,5,2006,GasA,2,4,1,10,3,Partial,361919
704,7630,OldTown,5,9,1900,GasA,2,4,2,8,2,Normal,140000
705,8400,CollgCr,7,5,2004,GasA,2,3,1,7,2,Normal,213000
706,5600,IDOTRR,4,5,1930,GasA,2,3,2,7,0,Normal,55000
707,115149,ClearCr,7,5,1971,GasA,2,2,1,5,2,Normal,302000
708,6240,NridgHt,8,5,2006,GasA,2,2,1,6,2,Normal,254000
709,9018,Gilbert,7,5,2007,GasA,2,3,1,8,2,Partial,179540
710,7162,Sawyer,5,7,1966,GasA,1,3,1,6,1,Abnorml,109900
711,4130,BrkSide,3,6,1935,GasA,1,2,1,5,0,Normal,52000
712,8712,IDOTRR,4,7,1900,GasA,1,2,1,7,1,Abnorml,102776
713,4671,StoneBr,8,5,1988,GasA,2,2,1,5,2,Normal,189000
714,9873,BrkSide,4,5,1970,GasW,1,3,1,6,2,Normal,129000
715,13517,Sawyer,6,8,1976,GasA,2,3,1,6,2,Normal,130500
716,10140,NWAmes,6,5,1974,GasA,2,3,1,7,2,Normal,165000
717,10800,OldTown,7,8,1890,GasA,1,3,1,8,2,Normal,159500
718,10000,NWAmes,5,6,1973,GasA,1,3,1,5,2,Normal,157000
719,10542,NoRidge,7,5,1993,GasA,2,3,1,9,3,Normal,341000
720,9920,CollgCr,5,6,1969,GasA,1,3,1,5,1,Normal,128500
721,6563,StoneBr,8,5,1985,GasA,2,2,1,5,2,Normal,275000
722,4426,CollgCr,6,5,2004,GasA,1,1,1,3,2,Normal,143000
723,8120,NAmes,4,7,1970,GasA,1,3,1,5,2,Normal,124500
724,8172,Edwards,4,6,1954,GasA,2,4,1,7,1,Normal,135000
725,13286,Edwards,9,5,2007,GasA,2,3,1,8,3,Normal,320000
726,6960,NAmes,4,6,1970,GasA,1,3,1,5,2,Normal,120500
727,21695,Crawfor,6,9,1988,GasA,2,3,1,5,2,Normal,222000
728,7314,CollgCr,7,5,2007,GasA,2,2,1,6,2,Normal,194500
729,11475,NAmes,5,5,1958,GasA,2,4,2,9,3,Abnorml,110000
730,6240,IDOTRR,4,5,1925,GasA,1,2,1,5,2,Normal,103000
731,5389,StoneBr,8,5,1995,GasA,2,2,1,5,2,Normal,236500
732,9590,Timber,7,5,2003,GasA,2,3,1,6,2,Normal,187500
733,11404,CollgCr,7,5,1998,GasA,2,3,1,8,2,Normal,222500
734,10000,Sawyer,5,6,1961,GasA,1,3,1,6,1,Normal,131400
735,8978,Sawyer,5,5,1968,GasA,1,3,1,6,1,Family,108000
736,10800,OldTown,7,7,1914,GasW,1,2,1,6,2,Normal,163000
737,8544,NAmes,3,4,1950,GasA,2,2,2,6,2,Normal,93500
738,10463,Gilbert,8,5,2005,GasA,2,3,1,8,3,Normal,239900
739,10800,Edwards,5,5,1987,GasA,3,3,1,5,0,Alloca,179000
740,9313,CollgCr,7,5,2004,GasA,2,3,1,7,2,Normal,190000
741,9600,OldTown,5,7,1910,GasA,2,2,1,7,2,Abnorml,132000
742,6768,Sawyer,6,8,1961,GasA,1,3,1,5,1,Normal,142000
743,8450,SawyerW,7,5,2000,GasA,2,3,1,6,2,Normal,179000
744,12886,Sawyer,5,6,1963,GasA,2,3,1,6,2,Normal,175000
745,5395,StoneBr,8,5,1993,GasA,2,2,1,5,2,Normal,180000
746,8963,NWAmes,8,9,1976,GasA,3,4,1,11,2,Normal,299800
747,8795,Gilbert,7,5,2000,GasA,2,4,1,8,2,Normal,236000
748,11700,OldTown,7,7,1880,GasW,1,4,1,8,4,Normal,265979
749,10593,NoRidge,7,5,1996,GasA,2,3,1,7,2,Normal,260400
750,8405,Edwards,4,3,1945,Wall,2,4,1,9,1,Normal,98000
751,8800,OldTown,4,7,1910,GasA,1,3,1,7,0,Normal,96500
752,7750,Gilbert,7,5,2003,GasA,2,3,1,6,2,Normal,162000
753,9236,CollgCr,6,5,1997,GasA,2,3,1,6,2,Normal,217000
754,10240,NridgHt,8,5,2005,GasA,2,3,1,8,3,Normal,275500
755,7930,NAmes,6,8,1969,GasA,1,3,1,5,2,Normal,156000
756,3230,Somerst,6,5,1999,GasA,2,3,1,6,2,Normal,172500
757,10769,CollgCr,8,5,2007,GasA,2,3,1,7,2,Normal,212000
758,11616,Sawyer,6,5,1978,GasA,2,3,1,6,2,Abnorml,158900
759,2280,Somerst,7,5,1999,GasA,2,3,1,6,2,Normal,179400
760,12257,NoRidge,8,5,1995,GasA,2,4,1,9,3,Normal,290000
761,9100,NAmes,6,6,1959,GasA,1,2,1,5,1,Normal,127500
762,6911,BrkSide,5,5,1924,GasA,1,2,1,5,2,Normal,100000
763,8640,Somerst,7,5,2009,GasA,2,3,1,7,2,Normal,215200
764,9430,NoRidge,8,5,1999,GasA,2,3,1,8,3,Normal,337000
765,9549,Veenker,8,5,1995,GasA,1,2,1,6,2,Normal,270000
766,14587,Somerst,9,5,2008,GasA,2,2,1,6,2,Partial,264132
767,10421,NWAmes,7,5,1988,GasA,2,3,1,7,2,Normal,196500
768,12508,Mitchel,6,7,1940,GasA,2,4,1,7,1,Normal,160000
769,9100,CollgCr,7,5,2004,GasA,2,3,1,8,2,Normal,216837
770,53504,StoneBr,8,5,2003,GasA,3,4,1,12,3,Normal,538000
771,7252,Sawyer,5,5,1982,GasA,1,2,1,5,2,Normal,134900
772,8877,Edwards,4,5,1951,GasA,1,2,1,6,2,Normal,102000
773,7819,Edwards,6,5,1976,GasA,1,3,1,6,2,Abnorml,107000
774,10150,NAmes,5,5,1958,GasA,1,2,1,5,1,Normal,114500
775,14226,NridgHt,8,5,2006,GasA,2,3,1,9,3,Partial,395000
776,4500,Mitchel,6,5,1998,GasA,2,2,1,5,2,Normal,162000
777,11210,CollgCr,7,5,2005,GasA,2,3,1,7,3,Partial,221500
778,13350,Sawyer,5,5,1974,GasA,1,3,1,5,2,Normal,142500
779,8400,SawyerW,5,5,1977,GasA,2,4,2,10,2,Normal,144000
780,10530,Mitchel,6,5,1977,GasA,1,2,1,4,2,Normal,135000
781,7875,Gilbert,7,5,1995,GasA,2,3,1,6,2,Normal,176000
782,7153,SawyerW,6,5,1992,GasA,2,3,1,7,2,Normal,175900
783,16285,CollgCr,7,5,2001,GasA,2,3,1,6,2,Normal,187100
784,9101,Mitchel,5,6,1978,GasA,1,1,1,4,2,Normal,165500
785,6300,OldTown,6,6,1914,GasA,2,3,1,9,0,Normal,128000
786,9790,NWAmes,6,5,1967,GasA,2,3,1,7,2,Normal,161500
787,10800,OldTown,5,6,1915,GasA,2,4,1,7,1,Normal,139000
788,10142,SawyerW,7,5,2004,GasA,2,4,1,8,2,Normal,233000
789,6000,OldTown,4,7,1954,GasA,1,2,1,4,1,Normal,107900
790,12205,ClearCr,6,8,1966,GasA,2,5,1,9,2,Normal,187500
791,3182,Blmngtn,7,5,2005,GasA,2,2,1,5,2,Normal,160200
792,11333,Mitchel,6,5,1976,GasA,1,3,1,5,2,Normal,146800
793,9920,NoRidge,7,5,1996,GasA,2,3,1,8,2,Normal,269790
794,9158,Somerst,8,5,2007,GasA,2,3,1,7,2,Partial,225000
795,10832,Gilbert,7,5,1994,GasA,2,3,1,7,2,Normal,194500
796,8400,SawyerW,6,6,1980,GasA,2,3,1,7,2,Normal,171000
797,8197,Sawyer,6,5,1977,GasA,1,3,1,7,2,Normal,143500
798,7677,NAmes,5,5,1953,GasA,1,2,1,4,1,Abnorml,110000
799,13518,NridgHt,9,5,2008,GasA,3,4,1,11,3,Partial,485000
800,7200,SWISU,5,7,1937,GasA,1,3,1,7,1,Normal,175000
801,12798,ClearCr,6,5,1997,GasA,2,4,1,8,2,Normal,200000
802,4800,IDOTRR,4,7,1916,GasA,1,2,1,5,2,Normal,109900
803,8199,CollgCr,7,5,2005,GasA,2,3,1,7,2,Normal,189000
804,13891,NridgHt,9,5,2008,GasA,3,4,1,12,3,Partial,582933
805,9000,NAmes,5,5,1954,GasA,1,2,1,5,1,Family,118000
806,12274,Somerst,7,5,2008,GasA,2,3,1,6,2,Partial,227680
807,9750,NAmes,5,5,1967,GasA,2,3,1,6,1,Normal,135500
808,21384,BrkSide,5,6,1923,GasA,1,3,1,6,2,Normal,223500
809,13400,NAmes,5,5,1966,GasA,1,3,1,6,2,Normal,159950
810,8100,OldTown,5,5,1898,GasA,2,2,3,11,2,Normal,106000
811,10140,NWAmes,6,6,1974,GasA,1,3,1,5,2,Normal,181000
812,4438,CollgCr,6,5,2004,GasA,1,1,1,4,2,Normal,144500
813,8712,IDOTRR,5,5,1952,GasA,1,2,1,4,2,Alloca,55993
814,9750,NAmes,6,6,1958,GasA,1,4,1,7,1,Normal,157900
815,8248,Edwards,5,7,1918,GasW,1,3,1,7,1,Normal,116000
816,12137,CollgCr,7,5,1998,GasA,2,3,1,6,2,Normal,224900
817,11425,NAmes,5,6,1954,GasA,1,2,1,4,1,Normal,137000
818,13265,Mitchel,8,5,2002,GasA,2,3,1,7,3,Normal,271000
819,8816,ClearCr,6,7,1971,GasA,1,3,1,6,2,Normal,155000
820,6371,NridgHt,7,5,2009,GasA,2,2,1,6,2,Partial,224000
821,7226,CollgCr,7,5,2003,GasA,2,3,1,6,2,Normal,183000
822,6000,OldTown,4,4,1953,GasA,1,2,1,4,2,Normal,93000
823,12394,Gilbert,7,5,2003,GasA,2,3,1,7,2,Family,225000
824,9900,SWISU,6,7,1940,GasA,2,3,1,7,1,Normal,139500
825,11216,Somerst,8,5,2006,GasA,2,3,1,7,2,Partial,232600
826,14803,NridgHt,10,5,2007,GasA,2,2,1,7,3,Partial,385000
827,6130,BrkSide,5,6,1924,GasA,1,2,1,5,0,Normal,109500
828,8529,SawyerW,7,5,2001,GasA,2,3,1,6,2,Normal,189000
829,28698,ClearCr,5,5,1967,GasA,2,3,1,7,2,Abnorml,185000
830,2544,Somerst,7,5,2005,GasA,2,2,1,4,2,Normal,147400
831,11900,NAmes,6,5,1957,GasA,1,3,1,6,2,Normal,166000
832,3180,Somerst,7,5,2005,GasA,2,2,1,4,2,Normal,151000
833,9548,CollgCr,7,6,2003,GasA,2,3,1,7,2,Normal,237000
834,10004,NAmes,6,6,1964,GasA,1,3,1,6,2,Normal,167000
835,7875,NAmes,5,6,1961,GasA,1,3,1,6,2,Normal,139950
836,9600,Sawyer,4,7,1950,GasA,2,2,1,4,2,Normal,128000
837,8100,OldTown,5,6,1948,GasA,1,2,1,5,2,Normal,153500
838,1680,BrDale,6,5,1973,GasA,1,2,1,5,1,Normal,100000
839,9525,CollgCr,5,6,1995,GasA,1,3,1,6,1,Normal,144000
840,11767,Edwards,5,6,1946,GasA,1,3,1,6,1,Normal,130500
841,12155,SWISU,6,8,1925,GasA,2,4,1,7,1,Normal,140000
842,10440,OldTown,5,8,1904,GasA,2,3,1,8,2,Normal,157500
843,9020,NAmes,6,7,1966,GasA,1,3,1,6,2,Normal,174900
844,8000,NAmes,5,4,1961,GasA,2,6,2,10,0,Normal,141000
845,12665,OldTown,5,8,1915,GasA,1,4,1,7,3,Normal,153900
846,16647,Sawyer,5,5,1975,GasA,2,3,1,6,2,Normal,171000
847,9317,SawyerW,7,5,1993,GasA,2,3,1,7,2,Normal,213000
848,15523,CollgCr,5,6,1972,GasA,1,3,1,5,1,Normal,133500
849,45600,ClearCr,6,8,1908,GasA,3,5,1,10,2,Normal,240000
850,9600,Veenker,6,7,1976,GasA,2,3,1,7,2,Normal,187000
851,4435,CollgCr,6,5,2003,GasA,1,1,1,3,2,Normal,131500
852,3196,Blmngtn,8,5,2003,GasA,2,2,1,7,2,Normal,215000
853,7128,Crawfor,7,5,1941,GasA,2,4,1,7,1,Normal,164000
854,12095,NAmes,6,6,1964,GasA,1,3,1,7,2,Normal,158000
855,17920,Sawyer,5,4,1955,GasA,1,3,1,6,2,Abnorml,170000
856,6897,Sawyer,5,8,1962,GasA,1,3,1,6,1,Normal,127000
857,10970,CollgCr,6,6,1978,GasA,1,3,1,5,2,Normal,147000
858,8125,Gilbert,6,5,1994,GasA,2,3,1,6,2,Normal,174000
859,10400,NWAmes,7,5,1976,GasA,2,3,1,6,2,Family,152000
860,11029,NWAmes,6,7,1968,GasA,2,4,1,9,2,Normal,250000
861,7642,Crawfor,7,8,1918,GasA,1,3,1,7,1,Normal,189950
862,11625,Sawyer,5,4,1965,GasA,1,3,1,6,2,Normal,131500
863,9672,SawyerW,6,5,1984,GasA,2,3,1,6,2,Normal,152000
864,7931,NAmes,5,5,1959,GasA,1,3,1,6,1,Normal,132500
865,8640,Somerst,7,5,2007,GasA,2,3,1,6,2,Partial,250580
866,8750,NAmes,5,6,1970,GasA,1,3,1,5,2,Normal,148500
867,10656,Timber,8,5,2006,GasA,2,3,1,6,3,Partial,248900
868,6970,Sawyer,4,5,1961,GasA,1,3,1,5,2,Normal,129000
869,14762,Gilbert,5,6,1948,GasA,2,2,1,7,2,Normal,169000
870,9938,SawyerW,7,5,1993,GasA,2,3,1,8,2,Normal,236000
871,6600,NAmes,5,5,1962,GasA,1,2,1,5,1,Normal,109500
872,8750,CollgCr,6,5,1998,GasA,2,3,1,7,2,Normal,200500
873,8892,NAmes,5,7,1953,GasA,1,3,1,5,2,Normal,116000
874,12144,NAmes,5,7,1949,GasA,1,3,1,6,1,Normal,133000
875,5720,OldTown,5,6,1941,GasA,1,3,1,5,1,Abnorml,66500
876,9000,Somerst,8,5,2007,GasA,2,4,1,11,2,Partial,303477
877,25286,Mitchel,4,5,1963,GasA,1,3,1,5,2,Normal,132250
878,8834,NridgHt,9,5,2004,GasA,2,4,1,10,3,Normal,350000
879,11782,Sawyer,5,7,1961,GasA,1,3,1,6,2,Normal,148000
880,7000,CollgCr,5,8,1978,GasA,1,3,1,6,1,Normal,136500
881,7024,Edwards,5,5,2005,GasA,1,2,1,5,2,Normal,157000
882,13758,Timber,7,5,1990,GasA,2,3,1,7,2,Normal,187500
883,9636,Gilbert,6,5,1992,GasA,2,3,1,7,2,Normal,178000
884,6204,SWISU,4,5,1912,GasA,1,5,1,10,1,Normal,118500
885,7150,NAmes,5,5,1967,GasA,1,3,1,5,1,Normal,100000
886,5119,Somerst,9,5,1999,GasA,2,2,1,5,2,Abnorml,328900
887,8393,NAmes,5,5,1959,GasA,2,4,2,8,2,Family,145000
888,16466,Edwards,5,7,1955,GasA,1,3,1,8,1,Normal,135500
889,15865,NAmes,8,6,1970,GasA,2,4,1,8,2,Normal,268000
890,12160,NAmes,6,4,1953,GasA,1,2,1,6,2,Normal,149500
891,8064,NAmes,5,7,1949,GasA,1,3,1,6,2,Normal,122900
892,11184,Sawyer,6,5,1978,GasA,2,3,1,7,2,Normal,172500
893,8414,Sawyer,6,8,1963,GasA,1,3,1,6,1,Normal,154500
894,13284,Sawyer,5,5,1954,GasA,1,3,1,6,1,Normal,165000
895,7018,SawyerW,5,5,1979,GasA,2,4,2,8,2,Alloca,118858
896,7056,NAmes,6,5,1963,GasA,1,4,1,8,2,Normal,140000
897,8765,IDOTRR,4,6,1936,GasA,1,2,1,6,1,Abnorml,106500
898,7018,SawyerW,5,5,1979,GasA,2,6,2,12,2,Alloca,142953
899,12919,NridgHt,9,5,2009,GasA,2,2,1,11,3,Partial,611657
900,6993,Sawyer,5,7,1961,GasA,1,3,1,6,1,Normal,135000
901,7340,NAmes,4,6,1971,GasA,1,2,1,4,1,Normal,110000
902,8712,NAmes,5,7,1957,GasA,1,2,1,5,1,Normal,153000
903,7875,Gilbert,7,5,2003,GasA,2,3,1,8,2,Normal,180000
904,14859,Gilbert,7,5,2006,GasA,2,3,1,7,3,Partial,240000
905,6173,Sawyer,5,6,1967,GasA,1,3,1,6,1,Normal,125500
906,9920,NAmes,5,5,1954,GasA,1,3,1,6,1,Normal,128000
907,13501,Somerst,8,5,2006,GasA,2,3,1,8,3,Normal,255000
908,11500,Crawfor,7,7,1936,GasA,1,3,1,6,1,Normal,250000
909,8885,Mitchel,5,5,1983,GasA,1,2,1,5,2,Normal,131000
910,12589,Gilbert,6,5,2005,GasA,2,3,1,8,2,Normal,174000
911,11600,NAmes,5,5,1960,GasA,2,5,2,12,2,Normal,154300
912,9286,CollgCr,5,7,1977,GasA,1,3,1,5,1,Normal,143500
913,6120,BrkSide,5,7,1925,GasA,1,3,1,6,1,Abnorml,88000
914,6270,Crawfor,5,6,1949,GasA,2,4,2,8,3,Normal,145000
915,3000,Somerst,6,5,2009,GasA,2,2,1,4,2,Partial,173733
916,2001,MeadowV,4,5,1970,GasA,1,3,1,6,1,Normal,75000
917,9000,IDOTRR,2,3,1949,GasA,0,1,1,4,1,Abnorml,35311
918,17140,Edwards,4,6,1956,GasA,1,3,1,6,1,Normal,135000
919,13125,SawyerW,7,5,1991,GasA,2,4,1,8,3,Normal,238000
920,11029,NAmes,6,8,1958,GasA,1,3,1,6,2,Normal,176500
921,8462,SawyerW,6,5,1994,GasA,2,3,1,7,2,Normal,201000
922,8777,Edwards,5,7,1900,GasA,2,4,2,9,0,Normal,145900
923,10237,Gilbert,6,5,2005,GasA,2,3,1,6,2,Partial,169990
924,8012,SawyerW,6,5,1993,GasA,2,2,1,5,2,Normal,193000
925,10240,NWAmes,6,6,1980,GasA,2,3,1,7,2,Normal,207500
926,15611,NWAmes,5,6,1977,GasA,2,3,1,6,2,Abnorml,175000
927,11999,NridgHt,8,5,2003,GasA,2,4,1,10,3,Normal,285000
928,9900,NWAmes,7,5,1968,GasA,2,4,1,9,2,Normal,176000
929,11838,CollgCr,8,5,2001,GasA,2,3,1,7,2,Normal,236500
930,13006,Gilbert,7,5,1997,GasA,2,4,1,8,2,Normal,222000
931,8925,Timber,8,5,2007,GasA,2,3,1,7,3,Normal,201000
932,9100,NAmes,5,6,1965,GasA,1,2,1,5,1,Normal,117500
933,11670,Somerst,9,5,2006,GasA,2,3,1,8,3,Normal,320000
934,8487,CollgCr,7,5,2004,GasA,2,3,1,6,2,Normal,190000
935,27650,NAmes,7,7,1960,GasA,2,4,1,9,2,Normal,242000
936,5825,BrkSide,4,5,1926,GasA,1,1,1,5,2,Normal,79900
937,10083,SawyerW,7,5,2003,GasA,2,2,1,5,2,Normal,184900
938,9675,Somerst,7,5,2005,GasA,2,3,1,8,2,Normal,253000
939,8760,CollgCr,7,5,2006,GasA,2,3,1,7,3,Partial,239799
940,24090,ClearCr,7,7,1940,GasA,2,4,1,10,1,Normal,244400
941,12640,Mitchel,6,5,1976,GasA,2,4,2,8,2,Normal,150900
942,8755,Gilbert,7,5,1999,GasA,2,3,1,8,2,Normal,214000
943,7711,Edwards,4,3,1977,GasA,2,4,2,8,0,Abnorml,150000
944,25000,Mitchel,5,4,1967,GasA,2,4,2,8,2,Normal,143000
945,14375,Timber,6,6,1958,GasA,1,3,1,7,2,Abnorml,137500
946,8820,OldTown,5,6,1890,GasA,1,2,1,7,2,Normal,124900
947,8163,NAmes,5,6,1959,GasA,1,3,1,6,1,Normal,143000
948,14536,Timber,8,5,2002,GasA,2,3,1,9,3,Normal,270000
949,14006,CollgCr,7,5,2002,GasA,2,3,1,7,2,Normal,192500
950,9360,NWAmes,6,7,1972,GasA,1,3,1,5,2,Normal,197500
951,7200,NAmes,5,8,1950,GasA,1,3,1,5,2,Normal,129000
952,7800,SawyerW,5,5,1965,GasA,1,3,1,6,1,Abnorml,119900
953,7200,CollgCr,5,8,1972,GasA,1,2,1,5,1,Normal,133900
954,11075,Mitchel,5,4,1969,GasA,2,4,1,7,2,Normal,172000
955,9400,Edwards,6,5,1975,GasA,2,4,0,4,0,AdjLand,127500
956,7136,Crawfor,6,6,1946,GasA,2,4,2,8,2,Normal,145000
957,1300,Blueste,6,6,1980,GasA,1,2,1,5,2,Normal,124000
958,7420,Sawyer,5,5,1962,GasA,1,3,1,6,2,Normal,132000
959,8450,CollgCr,7,5,2003,GasA,2,3,1,6,2,Normal,185000
960,2572,Somerst,7,5,1999,GasA,2,3,1,6,2,Normal,155000
961,7207,BrkSide,5,7,1958,GasA,1,2,1,4,0,Normal,116500
962,12227,NWAmes,6,7,1977,GasA,2,4,1,11,2,Normal,272000
963,2308,NPkVill,6,6,1976,GasA,2,3,1,7,2,Normal,155000
964,11923,CollgCr,9,5,2007,GasA,2,2,1,7,2,Normal,239000
965,11316,Timber,7,5,2002,GasA,2,4,1,8,2,Normal,214900
966,10237,Gilbert,6,5,2005,GasA,2,3,1,8,2,Partial,178900
967,9600,Crawfor,5,7,1940,GasA,1,2,1,7,1,Normal,160000
968,7390,NAmes,5,7,1955,GasA,1,3,1,6,1,Normal,135000
969,5925,OldTown,3,6,1910,Grav,1,2,1,6,0,Abnorml,37900
970,10382,NAmes,6,5,1958,GasA,1,2,1,6,1,Normal,140000
971,10800,NAmes,4,4,1949,GasA,1,4,1,6,0,Abnorml,135000
972,2268,NridgHt,7,5,2003,GasA,2,2,1,6,2,Normal,173000
973,7892,SawyerW,6,5,1979,GasA,2,2,1,5,1,Normal,99500
974,11639,Somerst,7,5,2007,GasA,2,3,1,6,2,Partial,182000
975,11414,BrkSide,7,8,1910,GasA,1,3,1,8,2,Normal,167500
976,2651,Somerst,7,5,2000,GasA,2,3,1,6,2,Normal,165000
977,5900,BrkSide,4,7,1923,GasA,1,2,1,4,0,Normal,85500
978,4274,Somerst,7,5,2006,GasA,1,1,1,4,2,Partial,199900
979,9450,Edwards,4,5,1954,GasA,1,3,1,5,2,Abnorml,110000
980,8816,Sawyer,5,6,1963,GasA,1,3,1,5,2,Normal,139000
981,12122,NAmes,7,9,1961,GasA,1,3,1,6,2,Normal,178400
982,12203,NoRidge,8,5,1998,GasA,2,4,1,8,3,Normal,336000
983,3182,Blmngtn,7,5,2007,GasA,2,2,1,6,2,Normal,159895
984,11250,CollgCr,8,5,2002,GasA,2,4,1,9,2,Normal,255900
985,10125,Mitchel,5,5,1977,GasA,2,4,2,8,2,Normal,126000
986,10880,Edwards,5,5,1950,GasW,1,3,1,5,1,Normal,125000
987,5310,OldTown,6,8,1910,GasA,1,2,1,5,1,Normal,117000
988,10159,NridgHt,9,5,2009,GasA,2,3,1,8,3,Partial,395192
989,12046,NWAmes,6,6,1976,GasA,2,4,1,8,2,Normal,195000
990,8125,Somerst,7,5,2006,GasA,2,3,1,6,2,Partial,197000
991,9452,NoRidge,8,5,1997,GasA,2,3,1,7,3,Normal,348000
992,17671,OldTown,8,9,1882,GasA,1,4,1,8,2,Normal,168000
993,9760,NAmes,6,8,1964,GasA,2,3,1,7,2,Normal,187000
994,8846,CollgCr,6,5,2005,GasA,2,3,1,6,2,Partial,173900
995,12456,NridgHt,10,5,2006,GasA,2,3,1,7,3,Normal,337500
996,4712,BrkSide,4,7,1946,GasA,1,3,1,5,1,Abnorml,121600
997,10659,NAmes,5,6,1961,GasA,1,3,1,6,1,Normal,136500
998,11717,NWAmes,6,6,1970,GasA,2,2,1,6,2,Normal,185000
999,9786,IDOTRR,3,4,1922,GasA,1,3,1,6,1,Normal,91000
1000,6762,CollgCr,7,5,2006,GasA,2,2,1,6,2,Normal,206000
1001,10206,Edwards,3,3,1952,GasW,1,2,1,4,2,Normal,82000
1002,5400,OldTown,5,6,1920,GasA,1,2,1,4,1,Abnorml,86000
1003,11957,Somerst,8,5,2006,GasA,2,3,1,7,3,Normal,232000
1004,11500,NWAmes,5,6,1976,GasA,2,4,2,8,2,Normal,136905
1005,3182,Blmngtn,7,5,2005,GasA,2,1,1,7,2,Normal,181000
1006,8385,CollgCr,5,8,1977,GasA,2,3,1,6,1,Normal,149900
1007,12155,NAmes,6,3,1970,GasA,2,3,1,7,2,Normal,163500
1008,2217,MeadowV,4,4,1970,GasA,1,3,1,6,1,Normal,88000
1009,12118,Mitchel,7,5,2004,GasA,2,3,1,7,2,Normal,240000
1010,6000,SWISU,5,5,1926,GasA,2,4,1,7,0,Normal,102000
1011,21286,Sawyer,5,5,1948,GasA,2,4,1,7,1,Normal,135000
1012,9825,Edwards,5,5,1965,GasA,2,4,2,8,0,Normal,100000
1013,10592,Crawfor,6,7,1923,GasA,1,3,1,7,1,Normal,165000
1014,7200,OldTown,5,4,1910,GasW,1,2,1,4,1,Normal,85000
1015,11664,NAmes,6,5,1948,GasA,1,2,1,5,1,Normal,119200
1016,8400,NWAmes,8,6,2001,GasA,2,3,1,6,2,Normal,227000
1017,11883,CollgCr,7,5,1996,GasA,2,3,1,6,2,Normal,203000
1018,5814,StoneBr,8,5,1984,GasA,1,1,1,4,2,Abnorml,187500
1019,10784,Gilbert,7,5,1991,GasA,2,3,1,7,2,Normal,160000
1020,3013,Blmngtn,7,5,2005,GasA,2,2,1,6,2,Normal,213490
1021,7024,Edwards,4,5,2005,GasA,1,2,1,5,2,Normal,176000
1022,7406,CollgCr,7,5,2006,GasA,2,2,1,6,2,Partial,194000
1023,9439,OldTown,5,5,1930,GasA,1,2,1,6,1,Normal,87000
1024,3182,Blmngtn,7,5,2005,GasA,2,2,1,7,2,Normal,191000
1025,15498,Timber,8,6,1976,GasA,2,2,1,10,2,Abnorml,287000
1026,7700,CollgCr,5,5,1972,GasA,1,3,1,5,2,Normal,112500
1027,9300,NAmes,5,5,1960,GasA,1,3,1,6,2,Normal,167500
1028,9520,Timber,8,5,2007,GasA,2,3,1,7,3,Partial,293077
1029,9492,NAmes,5,5,1941,GasA,1,3,1,6,1,Normal,105000
1030,1680,BrDale,6,7,1972,GasA,1,3,1,7,1,Normal,118000
1031,7082,SWISU,5,8,1916,GasA,2,5,2,10,0,Normal,160000
1032,15863,SWISU,7,3,1920,GasA,2,5,1,12,2,Normal,197000
1033,14541,NoRidge,8,7,1993,GasA,2,5,1,10,3,Abnorml,310000
1034,8125,CollgCr,7,5,2002,GasA,2,3,1,6,3,Normal,230000
1035,6305,Crawfor,5,7,1938,GasA,1,2,1,5,1,Normal,119750
1036,11500,Edwards,4,3,1957,GasA,1,3,1,5,1,Normal,84000
1037,12898,Timber,9,5,2007,GasA,2,2,1,6,3,Normal,315500
1038,9240,CollgCr,8,5,2001,GasA,2,3,1,7,2,Normal,287000
1039,1533,MeadowV,4,6,1970,GasA,1,3,1,6,0,Normal,97000
1040,1477,MeadowV,4,4,1970,GasA,1,1,1,3,1,Normal,80000
1041,13125,Sawyer,5,4,1957,GasA,2,3,1,8,2,Normal,155000
1042,9130,NWAmes,6,8,1966,GasA,1,4,1,7,2,Normal,173000
1043,5381,NridgHt,6,5,2005,GasA,2,1,1,5,2,Normal,196000
1044,11839,SawyerW,7,5,1990,GasA,2,4,1,10,2,Normal,262280
1045,9600,NWAmes,8,5,1981,GasA,2,4,1,9,2,Normal,278000
1046,13680,Edwards,3,5,1955,GasA,2,4,1,8,2,Normal,139600
1047,16056,StoneBr,9,5,2005,GasA,3,4,1,11,3,Partial,556581
1048,9245,CollgCr,5,5,1994,GasA,1,3,1,5,2,Normal,145000
1049,21750,Mitchel,5,4,1960,GasA,1,3,1,9,2,Normal,115000
1050,11100,Edwards,4,7,1946,GasA,1,2,1,6,1,Abnorml,84900
1051,8993,Gilbert,7,5,2007,GasA,2,3,1,6,2,Partial,176485
1052,11175,CollgCr,7,5,2007,GasA,2,3,1,6,2,Partial,200141
1053,9500,NAmes,6,6,1964,GasA,1,4,1,9,2,Normal,165000
1054,8562,Edwards,5,6,1957,GasA,1,4,1,7,1,Normal,144500
1055,11367,CollgCr,8,5,2002,GasA,2,3,1,7,2,Normal,255000
1056,11361,NWAmes,6,5,1976,GasA,2,3,1,7,2,Abnorml,180000
1057,7052,NridgHt,7,5,2005,GasA,2,2,1,6,2,Normal,185850
1058,29959,NoRidge,7,6,1994,GasA,2,3,1,7,2,Normal,248000
1059,11308,NridgHt,9,5,2008,GasA,2,3,1,10,3,Normal,335000
1060,11275,Crawfor,6,7,1932,GasA,1,3,1,7,2,Normal,220000
1061,4920,StoneBr,8,5,2001,GasA,2,2,1,6,2,Normal,213500
1062,18000,IDOTRR,3,4,1935,GasA,1,2,1,6,3,Normal,81000
1063,13600,OldTown,5,5,1900,GasA,2,5,2,10,2,Normal,90000
1064,6000,OldTown,6,6,1925,GasA,1,2,1,5,2,Normal,110500
1065,11000,NAmes,5,6,1966,GasA,1,3,1,6,2,Normal,154000
1066,14000,ClearCr,7,5,1996,GasA,2,3,1,7,2,Normal,328000
1067,7837,Gilbert,6,7,1993,GasA,2,3,1,7,2,Normal,178000
1068,9760,NAmes,6,6,1964,GasA,1,4,1,7,2,Normal,167900
1069,3964,MeadowV,6,4,1973,GasA,2,5,1,10,2,Normal,151400
1070,9600,NAmes,5,7,1949,GasA,1,2,1,4,2,Normal,135000
1071,10152,NAmes,5,5,1956,GasA,1,3,1,6,1,Normal,135000
1072,11700,NWAmes,6,6,1968,GasA,1,4,1,8,2,Normal,154000
1073,7585,Edwards,5,3,1948,GasA,1,4,1,7,1,Normal,91500
1074,7950,Edwards,6,6,1977,GasA,1,3,1,6,2,Normal,159500
1075,8556,CollgCr,7,5,2006,GasA,2,2,1,5,3,Normal,194000
1076,13125,Crawfor,7,6,1940,GasA,1,3,1,6,1,Normal,219500
1077,10800,OldTown,5,8,1936,GasA,2,3,1,7,2,Normal,170000
1078,15870,NAmes,5,5,1969,GasA,1,3,1,6,1,Abnorml,138800
1079,4435,CollgCr,6,5,2004,GasA,1,1,1,3,2,Normal,155900
1080,8775,CollgCr,5,5,1994,GasA,1,3,1,5,1,Normal,126000
1081,11040,NWAmes,6,7,1971,GasA,2,3,1,5,2,Abnorml,145000
1082,7500,Sawyer,5,5,1963,GasA,1,3,1,5,1,Normal,133000
1083,8749,CollgCr,7,5,2002,GasA,2,3,1,6,2,Normal,192000
1084,8800,NAmes,6,6,1964,GasA,1,3,1,6,1,Normal,160000
1085,13031,Gilbert,6,5,1995,GasA,2,3,1,6,2,Normal,187500
1086,9069,SawyerW,6,6,1992,GasA,1,2,1,5,2,Normal,147000
1087,1974,MeadowV,4,5,1973,GasA,1,3,1,6,1,Normal,83500
1088,10574,Somerst,8,5,2005,GasA,2,3,1,9,3,Normal,252000
1089,2522,Edwards,7,5,2004,GasA,2,3,1,7,2,Normal,137500
1090,3316,Somerst,8,5,2005,GasA,1,1,1,4,2,Normal,197000
1091,8544,NAmes,3,4,1950,Wall,2,2,2,6,2,Normal,92900
1092,2160,Somerst,7,5,1999,GasA,2,2,1,4,2,Normal,160000
1093,8400,SWISU,6,5,1925,GasA,2,4,1,7,2,Normal,136500
1094,9230,NAmes,5,8,1965,GasA,1,1,1,6,2,Normal,146000
1095,5868,NAmes,5,7,1956,GasA,1,2,1,4,1,Normal,129000
1096,9317,CollgCr,6,5,2006,GasA,2,3,1,6,2,Normal,176432
1097,6882,IDOTRR,6,7,1914,GasA,1,3,1,7,0,Normal,127000
1098,3696,StoneBr,8,5,1986,GasA,1,2,1,5,2,Normal,170000
1099,6000,BrkSide,4,6,1936,GasA,1,3,1,6,1,Normal,128000
1100,11880,NWAmes,7,5,1978,GasA,2,3,1,7,2,Abnorml,157000
1101,8400,SWISU,2,5,1920,GasA,1,1,1,3,1,Normal,60000
1102,9758,NAmes,5,5,1971,GasA,1,3,1,5,1,Normal,119500
1103,7000,NAmes,5,7,1960,GasA,1,2,1,6,1,Family,135000
1104,8910,NAmes,6,6,1959,GasA,1,3,1,6,2,Normal,159500
1105,2016,BrDale,5,5,1970,GasA,2,3,1,6,2,Normal,106000
1106,12256,NoRidge,8,5,1994,GasA,2,3,1,9,2,Normal,325000
1107,10357,SawyerW,7,5,1990,GasA,2,3,1,6,2,Normal,179900
1108,23257,Gilbert,7,5,2006,GasA,2,3,1,9,2,Partial,274725
1109,8063,Gilbert,6,5,2000,GasA,2,3,1,7,2,Abnorml,181000
1110,11362,NridgHt,8,5,2004,GasA,2,3,1,7,3,Normal,280000
1111,8000,Gilbert,6,5,1995,GasA,2,3,1,8,2,Normal,188000
1112,10480,NWAmes,7,6,1976,GasA,2,4,1,8,2,Normal,205000
1113,7100,NAmes,5,7,1957,GasA,1,2,1,5,1,Normal,129900
1114,8923,NAmes,5,7,1953,GasA,1,2,1,6,1,Normal,134500
1115,5400,OldTown,5,7,1954,GasA,1,2,1,4,1,Normal,117000
1116,12085,NridgHt,8,5,2007,GasA,2,3,1,7,3,Partial,318000
1117,7750,Gilbert,8,5,2002,GasA,2,3,1,7,2,Normal,184100
1118,9764,Sawyer,5,7,1967,GasA,1,3,1,5,2,Normal,130000
1119,13825,Sawyer,5,6,1958,GasA,1,3,1,6,1,Normal,140000
1120,7560,NAmes,5,5,1959,GasA,1,3,1,6,1,Normal,133700
1121,8263,IDOTRR,6,5,1920,GasA,1,2,1,6,1,Normal,118400
1122,10084,CollgCr,7,5,2005,GasA,2,3,1,7,3,Partial,212900
1123,8926,Edwards,4,3,1956,GasA,1,3,1,5,1,Abnorml,112000
1124,9405,Edwards,5,9,1947,GasA,1,2,1,4,0,Normal,118000
1125,9125,Gilbert,7,5,1992,GasA,2,3,1,7,2,Normal,163900
1126,10434,NAmes,4,5,1955,GasA,1,2,1,5,2,Normal,115000
1127,3684,Blmngtn,7,5,2007,GasA,2,2,1,7,3,Normal,174000
1128,14572,Gilbert,7,5,2004,GasA,2,3,1,7,3,Family,259000
1129,11796,Gilbert,7,5,2004,GasA,2,4,1,8,2,Normal,215000
1130,7200,OldTown,5,5,1980,GasA,1,2,1,4,2,Normal,140000
1131,7804,SWISU,4,3,1928,GasA,2,4,1,7,2,Normal,135000
1132,10712,Mitchel,5,5,1991,GasA,1,3,1,5,0,Abnorml,93500
1133,9900,OldTown,6,4,1880,GasW,2,5,1,8,1,Normal,117500
1134,9828,SawyerW,8,5,1995,GasA,2,3,1,8,2,Normal,239500
1135,8773,Gilbert,6,5,1997,GasA,2,3,1,7,2,Normal,169000
1136,6180,BrkSide,6,5,1926,GasA,1,2,1,5,1,Normal,102000
1137,9600,NAmes,6,5,1950,GasA,1,3,1,6,1,Abnorml,119000
1138,6342,Sawyer,5,8,1875,GasA,1,2,1,6,0,Normal,94000
1139,9819,Mitchel,6,5,1977,GasA,2,2,1,5,2,Normal,196000
1140,8731,BrkSide,5,5,1920,GasA,1,3,1,6,2,Normal,144000
1141,7350,NAmes,5,7,1951,GasA,1,2,1,4,2,Abnorml,139000
1142,10304,NWAmes,5,7,1976,GasA,2,4,1,9,2,Normal,197500
1143,9965,CollgCr,8,5,2006,GasA,3,4,1,11,3,Partial,424870
1144,9000,Sawyer,5,3,1959,GasA,1,3,1,5,0,Normal,80000
1145,12180,Edwards,4,4,1941,Grav,1,2,1,5,1,Normal,80000
1146,6240,BrkSide,5,6,1928,GasA,1,3,1,8,1,Family,149000
1147,11200,SawyerW,6,5,1985,GasA,2,3,1,5,2,Normal,180000
1148,12000,Crawfor,7,7,1941,GasA,1,3,1,7,1,Normal,174500
1149,5700,OldTown,7,7,1926,GasA,1,2,1,5,1,Normal,116900
1150,9000,OldTown,7,9,1920,GasA,1,3,1,7,2,Normal,143000
1151,8280,NAmes,6,5,1950,GasA,1,2,1,4,1,Normal,124000
1152,17755,Edwards,5,4,1959,GasA,1,3,1,6,2,Normal,149900
1153,14115,Crawfor,6,7,1956,GasA,1,2,1,6,2,Abnorml,230000
1154,5890,IDOTRR,6,8,1930,GasA,1,2,1,5,1,Normal,120500
1155,13700,NAmes,7,6,1965,GasA,1,4,1,8,2,Normal,201800
1156,10768,Veenker,5,8,1976,GasA,2,3,1,6,2,Normal,218000
1157,9350,NAmes,5,8,1965,GasA,2,3,1,6,2,Normal,179900
1158,5001,NridgHt,7,5,2007,GasA,2,2,1,6,2,Normal,230000
1159,11932,Somerst,8,5,2007,GasA,2,3,1,7,3,Partial,235128
1160,9120,NWAmes,6,6,1974,GasA,2,4,1,8,2,Normal,185000
1161,2280,NPkVill,6,5,1978,GasA,2,3,1,7,2,Normal,146000
1162,14778,Crawfor,6,7,1954,GasA,1,3,1,7,2,Normal,224000
1163,8724,Sawyer,5,5,1968,GasA,1,3,1,5,2,Normal,129000
1164,12900,Sawyer,4,4,1969,GasA,0,0,2,6,2,Alloca,108959
1165,16157,Veenker,5,7,1978,GasA,1,2,1,5,2,Normal,194000
1166,9541,NridgHt,7,5,2009,GasA,2,3,1,7,2,Partial,233170
1167,10475,CollgCr,8,5,2008,GasA,2,3,1,7,3,Normal,245350
1168,10852,Gilbert,6,5,2000,GasA,2,3,1,7,2,Normal,173000
1169,13728,Edwards,6,7,1935,GasA,2,4,1,7,2,Normal,235000
1170,35760,NoRidge,10,5,1995,GasA,3,4,1,10,3,Normal,625000
1171,9880,Mitchel,6,6,1977,GasA,1,3,1,6,1,Normal,171000
1172,9120,NAmes,6,6,1958,GasA,1,3,1,6,2,Normal,163000
1173,4017,Somerst,7,5,2006,GasA,2,2,1,5,2,Normal,171900
1174,18030,ClearCr,5,6,1946,GasA,3,3,1,12,0,Normal,200500
1175,16560,Crawfor,6,8,1932,GasA,2,4,1,9,2,Normal,239000
1176,10678,NoRidge,8,5,1992,GasA,2,4,1,9,2,Normal,285000
1177,6951,Mitchel,5,5,1984,GasA,1,3,1,5,1,Normal,119500
1178,3950,OldTown,6,8,1926,GasA,1,3,1,5,1,Normal,115000
1179,7681,Crawfor,5,6,1921,GasA,1,3,1,7,1,Normal,154900
1180,8335,Edwards,5,5,1954,GasA,1,3,1,5,0,Normal,93000
1181,11170,Timber,7,5,1990,GasA,2,4,1,8,2,Normal,250000
1182,5587,Crawfor,8,5,2008,GasA,2,2,1,5,2,Partial,392500
1183,15623,NoRidge,10,5,1996,GasA,3,4,1,10,3,Abnorml,745000
1184,10800,OldTown,5,6,1920,GasA,1,2,1,5,2,Normal,120000
1185,35133,Timber,5,4,1963,GasA,1,3,1,5,3,Normal,186700
1186,9738,Edwards,5,7,1924,GasA,1,4,1,7,1,Normal,104900
1187,10615,OldTown,3,5,1900,GasA,2,3,2,7,2,Abnorml,95000
1188,12461,NoRidge,8,5,1994,GasA,2,2,1,5,3,Normal,262000
1189,8935,CollgCr,7,5,2002,GasA,2,3,1,7,2,Normal,195000
1190,7500,Gilbert,7,5,1999,GasA,2,3,1,7,2,Normal,189000
1191,32463,Mitchel,4,4,1961,GasA,1,3,1,7,4,Normal,168000
1192,2645,Somerst,8,5,1999,GasA,2,2,1,5,2,Normal,174000
1193,9600,OldTown,5,8,1925,GasA,1,3,1,6,1,Normal,125000
1194,4500,Mitchel,6,5,1999,GasA,2,2,1,5,2,Normal,165000
1195,9364,Sawyer,6,7,1969,GasA,1,4,1,7,1,Normal,158000
1196,8029,Gilbert,6,5,2005,GasA,2,3,1,8,2,Normal,176000
1197,14054,Gilbert,7,5,2006,GasA,2,4,1,9,3,Partial,219210
1198,8850,OldTown,7,6,1916,GasA,1,3,1,7,1,Normal,144000
1199,9100,CollgCr,7,5,2001,GasA,2,3,1,6,2,Normal,178000
1200,11235,Sawyer,4,5,1963,GasA,1,3,1,6,2,Normal,148000
1201,9353,NAmes,4,5,1970,GasA,1,3,1,5,1,Abnorml,116050
1202,10400,CollgCr,7,5,1998,GasA,2,3,1,6,2,Normal,197900
1203,6000,BrkSide,5,8,1925,GasA,1,3,1,5,1,Normal,117000
1204,9750,CollgCr,7,5,2000,GasA,2,3,1,6,2,Normal,213000
1205,10140,NWAmes,5,6,1975,GasA,1,3,1,6,2,Normal,153500
1206,14684,SawyerW,7,7,1990,GasA,2,3,1,7,3,Normal,271900
1207,8900,SawyerW,4,4,1966,GasA,1,2,1,5,1,Normal,107000
1208,9135,CollgCr,6,5,2003,GasA,2,3,1,7,2,Normal,200000
1209,7763,NAmes,5,7,1962,GasA,1,3,1,6,2,Normal,140000
1210,10182,Somerst,8,5,2006,GasA,2,3,1,8,2,Partial,290000
1211,11218,SawyerW,6,5,1992,GasA,2,3,1,8,2,Normal,189000
1212,12134,Gilbert,8,7,1988,GasA,2,4,1,8,2,Normal,164000
1213,9340,Edwards,4,6,1941,GasA,1,2,1,4,1,Normal,113000
1214,10246,Sawyer,4,9,1965,GasA,0,0,1,3,1,Normal,145000
1215,10205,NAmes,5,5,1962,GasA,1,3,1,6,1,Normal,134500
1216,7094,Sawyer,5,5,1966,GasA,1,3,1,5,1,Normal,125000
1217,8930,Sawyer,6,5,1978,GasA,2,4,2,8,2,Normal,112000
1218,8640,Somerst,8,5,2009,GasA,2,3,1,6,2,Partial,229456
1219,6240,BrkSide,4,5,1947,GasA,1,2,1,3,0,Normal,80500
1220,1680,BrDale,6,5,1971,GasA,1,3,1,7,0,Abnorml,91500
1221,7800,NAmes,5,5,1964,GasA,1,2,1,5,1,Abnorml,115000
1222,8250,Sawyer,5,5,1968,GasA,1,3,1,5,1,Normal,134000
1223,10496,NAmes,6,6,1949,GasA,2,3,1,7,1,Normal,143000
1224,10680,NAmes,5,3,1951,GasA,2,4,1,7,2,Normal,137900
1225,15384,Gilbert,7,5,2004,GasA,2,3,1,8,2,Normal,184000
1226,10482,NAmes,6,8,1958,GasA,1,3,1,6,1,Normal,145000
1227,14598,Somerst,6,5,2007,GasA,2,4,1,9,3,Normal,214000
1228,8872,NAmes,5,8,1965,GasA,1,2,1,5,2,Normal,147000
1229,8769,NridgHt,9,5,2008,GasA,1,1,1,7,3,Partial,367294
1230,7910,NAmes,5,5,1960,GasA,2,4,1,7,1,Normal,127000
1231,18890,Sawyer,5,5,1977,GasA,2,4,2,12,2,Normal,190000
1232,7728,NAmes,5,6,1962,GasA,1,3,1,6,2,Normal,132500
1233,9842,NAmes,4,5,1962,GasA,2,2,2,6,2,Normal,101800
1234,12160,NAmes,5,5,1959,GasA,1,3,1,6,2,Abnorml,142000
1235,8525,SWISU,5,6,1911,GasA,1,4,1,7,0,Abnorml,130000
1236,13132,Crawfor,5,5,1914,GasA,1,4,1,9,1,Normal,138887
1237,2628,NridgHt,7,5,2003,GasA,2,2,1,6,2,Normal,175500
1238,12393,CollgCr,7,5,2004,GasA,2,4,1,8,2,Normal,195000
1239,13072,SawyerW,6,5,2005,GasA,1,3,1,6,2,Abnorml,142500
1240,9037,Timber,8,5,2006,GasA,2,2,1,6,2,Normal,265900
1241,8158,CollgCr,7,5,2003,GasA,2,3,1,8,2,Normal,224900
1242,9849,Somerst,7,6,2007,GasA,2,3,1,7,3,Partial,248328
1243,10625,NWAmes,7,6,1974,GasA,2,3,1,6,2,Family,170000
1244,13891,NridgHt,10,5,2006,GasA,2,2,1,7,3,Partial,465000
1245,11435,Crawfor,8,7,1929,GasA,1,3,1,7,2,Normal,230000
1246,12090,NWAmes,6,7,1984,GasA,3,3,1,7,2,Abnorml,178000
1247,8125,Somerst,7,5,2005,GasA,2,3,1,6,2,Partial,186500
1248,12328,Mitchel,6,5,1976,GasA,1,3,1,6,3,Normal,169900
1249,9600,OldTown,6,5,1917,OthW,1,3,1,8,2,Normal,129500
1250,7200,NAmes,5,7,1950,GasA,1,3,1,6,1,Normal,119000
1251,11160,NAmes,7,5,1968,GasA,2,3,1,8,2,Normal,244000
1252,3136,NridgHt,7,5,2003,GasA,2,2,1,6,2,Normal,171750
1253,9858,Mitchel,5,6,1968,GasA,1,3,1,5,1,Normal,130000
1254,17542,Veenker,7,7,1974,GasA,2,3,1,9,2,Normal,294000
1255,6931,Edwards,7,5,2003,GasA,2,3,1,7,2,Normal,165400
1256,6240,BrkSide,6,6,1931,GasA,1,3,1,6,1,Normal,127500
1257,14303,NoRidge,8,5,1994,GasA,2,2,1,7,2,Normal,301500
1258,4060,Edwards,5,8,1922,GasA,1,2,1,4,0,Normal,99900
1259,9587,Gilbert,7,5,2005,GasA,2,2,1,5,2,Normal,190000
1260,9750,NAmes,6,8,1969,GasA,1,3,1,6,2,Normal,151000
1261,24682,Gilbert,6,5,1999,GasA,2,3,1,7,2,Normal,181000
1262,9600,NAmes,5,6,1956,GasA,1,2,1,5,1,Normal,128900
1263,11250,ClearCr,4,5,1957,GasA,1,5,1,8,1,Normal,161500
1264,13515,BrkSide,6,6,1919,GasA,1,3,1,8,2,Normal,180500
1265,4060,NAmes,6,5,1998,GasA,2,2,1,5,2,Abnorml,181000
1266,3735,Somerst,7,5,1999,GasA,2,3,1,6,2,Normal,183900
1267,10120,OldTown,7,4,1910,GasA,1,4,2,9,1,Normal,122000
1268,13214,Timber,9,5,2008,GasA,2,3,1,10,3,Normal,378500
1269,14100,Crawfor,8,9,1935,GasA,3,4,1,11,3,Normal,381000
1270,11344,NAmes,5,5,1958,GasW,1,3,1,7,1,Normal,144000
1271,23595,ClearCr,7,6,1979,GasA,0,0,1,4,2,Normal,260000
1272,9156,NWAmes,6,7,1968,GasA,2,3,1,7,2,Normal,185750
1273,13526,Sawyer,5,6,1965,GasA,1,3,1,5,1,Normal,137000
1274,11512,Edwards,6,7,1959,GasA,1,2,1,5,1,Normal,177000
1275,5362,Crawfor,5,6,1910,GasA,2,3,1,8,2,Normal,139000
1276,11345,NAmes,5,5,1948,GasA,2,4,2,10,2,Normal,137000
1277,12936,NWAmes,6,6,1972,GasA,1,3,1,6,2,Normal,162000
1278,17871,NWAmes,6,5,1967,GasA,1,3,1,7,2,Normal,197900
1279,9473,CollgCr,8,5,2002,GasA,2,3,1,7,2,Normal,237000
1280,7500,IDOTRR,4,4,1920,GasA,1,2,1,6,2,Abnorml,68400
1281,9808,CollgCr,7,5,2002,GasA,2,3,1,6,2,Normal,227000
1282,8049,Timber,7,5,1990,GasA,2,2,1,6,2,Normal,180000
1283,8800,CollgCr,5,7,1977,GasA,2,3,1,5,2,Normal,150500
1284,9400,Mitchel,6,5,1971,GasA,2,4,2,8,0,Normal,139000
1285,9638,SWISU,6,7,1919,GasA,2,4,1,10,1,Normal,169000
1286,6000,BrkSide,6,6,1939,GasA,1,4,1,6,1,Normal,132500
1287,9790,NWAmes,6,5,1963,GasA,1,3,1,6,2,Normal,143000
1288,36500,ClearCr,5,5,1964,GasA,2,4,1,7,2,Normal,190000
1289,5664,StoneBr,8,5,2000,GasA,2,2,1,5,2,Normal,278000
1290,11065,NridgHt,8,5,2006,GasA,2,3,1,8,3,Partial,281000
1291,14112,NAmes,5,7,1964,GasA,1,3,1,6,2,Normal,180500
1292,1680,BrDale,5,7,1972,GasA,2,3,1,6,1,Normal,119500
1293,6600,OldTown,5,4,1892,GasA,2,4,2,11,1,Normal,107500
1294,10140,NWAmes,7,5,1976,GasA,2,4,1,8,2,Normal,162900
1295,8172,Edwards,5,7,1955,GasA,1,2,1,5,2,Normal,115000
1296,8400,NAmes,5,5,1968,GasA,1,3,1,5,1,Normal,138500
1297,8700,NAmes,5,6,1963,GasA,2,3,1,6,2,Normal,155000
1298,3675,Edwards,6,5,2005,GasA,2,2,1,5,2,Partial,140000
1299,63887,Edwards,10,5,2008,GasA,2,3,1,12,2,Partial,160000
1300,7500,NAmes,5,7,1959,GasA,1,3,1,6,1,Normal,154000
1301,10762,Gilbert,7,5,1999,GasA,2,3,1,9,2,Normal,225000
1302,7500,Crawfor,6,7,1942,GasA,1,3,1,7,1,Normal,177500
1303,10120,NoRidge,8,5,1994,GasA,2,4,1,8,3,Normal,290000
1304,8688,Somerst,7,5,2005,GasA,2,3,1,7,3,Normal,232000
1305,3363,Edwards,7,5,2004,GasA,2,3,1,7,2,Normal,130000
1306,13173,NridgHt,9,5,2006,GasA,2,2,1,6,2,Normal,325000
1307,6955,NridgHt,7,5,2005,GasA,2,2,1,6,2,Partial,202500
1308,8072,CollgCr,5,5,1994,GasA,1,3,1,5,2,Normal,138000
1309,12000,OldTown,5,7,1948,GasA,1,2,1,6,2,Normal,147000
1310,7153,SawyerW,6,5,1991,GasA,2,3,1,6,2,Normal,179200
1311,17500,Crawfor,7,8,1959,GasA,2,3,1,7,2,Normal,335000
1312,8814,CollgCr,7,5,2005,GasA,2,3,1,6,2,Partial,203000
1313,9572,NoRidge,8,5,1990,GasA,2,4,1,9,2,Normal,302000
1314,14774,NoRidge,9,5,1999,GasA,2,4,1,10,3,Normal,333168
1315,8190,Edwards,4,6,1954,GasA,1,3,1,5,1,Normal,119000
1316,11075,NAmes,6,5,1969,GasA,2,4,1,9,2,Normal,206900
1317,10226,CollgCr,8,5,2008,GasA,2,3,1,8,3,Normal,295493
1318,4230,Somerst,7,5,2006,GasA,2,2,1,5,2,Partial,208900
1319,14781,CollgCr,8,5,2001,GasA,2,3,1,7,3,Normal,275000
1320,10215,Edwards,4,5,1954,GasA,1,3,1,5,1,Normal,111000
1321,8400,NAmes,6,3,1957,GasA,1,3,1,6,2,Normal,156500
1322,6627,BrkSide,3,6,1949,Floor,1,2,1,4,1,Normal,72500
1323,10186,NoRidge,7,5,1992,GasA,2,3,1,8,2,Normal,190000
1324,5330,BrkSide,4,7,1940,GasA,1,2,1,5,0,Normal,82500
1325,9986,Somerst,8,5,2006,GasA,2,2,1,7,3,Partial,147000
1326,3636,IDOTRR,4,4,1922,GasA,1,2,1,5,0,Normal,55000
1327,4270,Edwards,3,6,1931,GasA,1,3,1,6,0,Normal,79000
1328,6600,Mitchel,5,9,1982,GasA,1,3,1,5,1,Normal,130500
1329,10440,OldTown,6,7,1920,GasW,2,5,1,8,2,Normal,256000
1330,9084,Gilbert,7,5,1998,GasA,2,3,1,8,2,Normal,176500
1331,10000,Somerst,8,5,2006,GasA,2,3,1,7,3,Normal,227000
1332,10780,CollgCr,5,5,1976,GasA,1,3,1,6,2,Normal,132500
1333,8877,Edwards,4,6,1938,GasA,1,2,1,3,1,Normal,100000
1334,7200,IDOTRR,5,6,1938,GasA,1,2,1,6,1,Normal,125500
1335,2368,BrDale,5,6,1970,GasA,1,3,1,7,2,Normal,125000
1336,9650,NWAmes,6,5,1977,GasA,2,2,1,6,2,Normal,167900
1337,9246,NWAmes,5,5,1973,GasA,2,4,2,8,2,Normal,135000
1338,4118,OldTown,4,4,1941,Grav,1,2,1,4,0,Normal,52500
1339,13450,CollgCr,7,5,2002,GasA,2,3,1,8,2,Normal,200000
1340,9560,CollgCr,5,7,1972,GasA,1,3,1,5,1,Normal,128500
1341,8294,NAmes,4,5,1971,GasA,1,3,1,5,4,Normal,123000
1342,13695,SawyerW,6,5,2003,GasA,1,3,1,6,2,Normal,155000
1343,9375,CollgCr,8,5,2002,GasA,2,3,1,7,2,Normal,228500
1344,7558,Crawfor,6,6,1928,GasA,1,3,1,9,2,Normal,177000
1345,11103,CollgCr,7,5,2006,GasA,2,3,1,8,2,Partial,155835
1346,6000,OldTown,4,4,1920,GasA,1,2,1,5,1,Normal,108500
1347,20781,NWAmes,7,7,1968,GasA,2,3,1,9,2,Normal,262500
1348,15306,Timber,8,5,2006,GasA,2,3,1,7,3,Partial,283463
1349,16196,SawyerW,7,5,1998,GasA,2,3,1,5,2,Normal,215000
1350,5250,OldTown,8,5,1872,OthW,2,4,1,8,0,Normal,122000
1351,11643,NAmes,5,5,1969,GasA,2,6,2,12,4,Normal,200000
1352,9247,NAmes,6,6,1962,GasA,1,4,1,8,2,Normal,171000
1353,6000,BrkSide,6,9,1937,GasA,1,2,1,4,2,Normal,134900
1354,14720,NoRidge,8,5,1995,GasA,2,4,1,9,3,Normal,410000
1355,10316,CollgCr,7,5,2000,GasA,2,3,1,7,3,Normal,235000
1356,10192,NWAmes,7,6,1968,GasA,3,4,1,8,2,Normal,170000
1357,9477,NAmes,5,5,1966,GasA,1,3,1,5,1,Normal,110000
1358,12537,NAmes,5,6,1971,GasA,1,3,1,6,2,Normal,149900
1359,2117,Somerst,6,5,2000,GasA,2,3,1,5,2,Normal,177500
1360,16737,NridgHt,9,5,2004,GasA,2,3,1,8,3,Normal,315000
1361,9842,SWISU,5,6,1921,GasA,3,4,1,8,2,Normal,189000
1362,16158,StoneBr,7,5,2005,GasA,2,3,1,7,2,Normal,260000
1363,12513,NAmes,4,4,1920,GasA,2,4,1,7,1,Normal,104900
1364,8499,Gilbert,6,5,2006,GasA,2,3,1,6,2,Partial,156932
1365,3180,Somerst,7,5,2005,GasA,2,2,1,4,2,Abnorml,144152
1366,7500,Somerst,7,5,2000,GasA,2,3,1,7,2,Normal,216000
1367,9179,CollgCr,7,5,1999,GasA,2,3,1,7,2,Abnorml,193000
1368,2665,MeadowV,5,6,1977,GasA,2,4,1,6,1,Normal,127000
1369,4435,CollgCr,6,5,2003,GasA,1,1,1,4,2,Normal,144000
1370,10635,CollgCr,8,5,2003,GasA,2,3,1,8,2,Normal,232000
1371,5400,OldTown,4,6,1920,GasA,1,2,1,6,1,Normal,105000
1372,9600,NAmes,6,6,1955,GasA,1,3,1,8,1,Normal,165500
1373,9750,CollgCr,7,6,1998,GasA,2,3,1,8,2,Normal,274300
1374,11400,NoRidge,10,5,2001,GasA,2,2,1,8,3,Normal,466500
1375,10625,Somerst,7,5,2005,GasA,2,3,1,9,3,Normal,250000
1376,10991,Timber,8,5,2007,GasA,2,3,1,7,3,Partial,239000
1377,6292,SWISU,6,5,1930,GasA,1,2,1,4,1,Normal,91000
1378,10998,Edwards,5,5,1941,GasA,2,3,1,6,2,Normal,117000
1379,1953,BrDale,6,5,1973,GasA,1,2,1,5,1,Normal,83000
1380,9735,Timber,5,5,2006,GasA,2,3,1,7,2,Normal,167500
1381,8212,Edwards,3,3,1914,GasA,1,2,1,5,1,Normal,58500
1382,12925,NAmes,6,7,1970,GasA,2,4,1,7,2,Normal,237500
1383,7200,OldTown,7,7,1920,GasA,1,4,1,8,2,Normal,157000
1384,25339,Sawyer,5,7,1918,GasA,2,3,1,7,2,Normal,112000
1385,9060,Edwards,6,5,1939,GasA,1,2,1,6,1,Normal,105000
1386,5436,IDOTRR,4,8,1922,GasA,1,3,1,7,1,Normal,125500
1387,16692,NWAmes,7,5,1978,GasA,3,5,1,12,2,Normal,250000
1388,8520,OldTown,6,7,1916,GasW,2,5,1,10,1,Family,136000
1389,14892,Gilbert,9,5,2006,GasA,2,3,1,7,3,Normal,377500
1390,6000,BrkSide,6,6,1941,GasA,1,3,1,6,2,Normal,131000
1391,9100,CollgCr,7,5,2000,GasA,2,3,1,6,2,Normal,235000
1392,8944,NAmes,5,5,1967,GasA,2,4,2,8,3,Normal,124000
1393,7838,NAmes,5,5,1967,GasA,1,3,1,6,1,Normal,123000
1394,10800,OldTown,6,7,1905,GasA,2,3,2,7,2,Normal,163000
1395,4045,Blmngtn,7,5,2006,GasA,2,2,1,6,3,Partial,246578
1396,12665,Timber,8,5,2005,GasA,2,4,1,9,3,Normal,281213
1397,57200,Timber,5,5,1948,GasA,1,3,1,7,2,Normal,160000
1398,6120,BrkSide,5,8,1920,GasA,1,4,1,8,1,Normal,137500
1399,7200,NAmes,5,4,1950,GasA,1,3,1,7,1,Normal,138000
1400,6171,SWISU,6,6,1925,GasA,2,3,1,7,1,Normal,137450
1401,6000,BrkSide,6,7,1929,GasA,1,3,1,5,1,Normal,120000
1402,7415,Gilbert,6,5,2004,GasA,2,3,1,8,2,Normal,193000
1403,6762,CollgCr,7,5,2006,GasA,2,2,1,6,2,Partial,193879
1404,15256,Somerst,8,5,2007,GasA,2,3,1,6,3,Normal,282922
1405,10410,OldTown,3,4,1915,GasA,1,3,1,6,3,Family,105000
1406,3842,Crawfor,8,5,2004,GasA,2,2,1,5,2,Normal,275000
1407,8445,CollgCr,5,7,1972,GasA,1,2,1,5,2,Normal,133000
1408,8780,Mitchel,5,5,1985,GasA,1,3,1,5,0,Normal,112000
1409,7740,OldTown,4,7,1910,GasA,1,3,1,6,2,Normal,125500
1410,20544,NWAmes,7,6,1986,GasA,2,3,1,7,2,Normal,215000
1411,12420,CollgCr,7,5,2001,GasA,2,3,1,6,2,Normal,230000
1412,9600,NAmes,6,8,1950,GasA,1,3,1,6,1,Normal,140000
1413,7200,NAmes,4,5,1949,Wall,2,2,2,6,2,Normal,90000
1414,10994,SawyerW,8,5,2005,GasA,2,2,1,7,2,Abnorml,257000
1415,13053,BrkSide,6,7,1923,GasA,1,4,1,8,2,Normal,207000
1416,3635,Blmngtn,7,5,2007,GasA,2,1,1,7,3,Normal,175900
1417,11340,OldTown,4,6,1885,GasA,2,4,2,11,2,Normal,122500
1418,16545,NoRidge,8,5,1998,GasA,2,3,1,7,3,Normal,340000
1419,9204,NAmes,5,5,1963,GasA,1,3,1,6,1,Normal,124000
1420,16381,Crawfor,6,5,1969,GasA,2,3,1,7,2,Normal,223000
1421,11700,NWAmes,6,6,1968,GasA,2,3,1,7,2,Normal,179900
1422,4043,NPkVill,6,5,1977,GasA,2,2,1,4,2,Normal,127500
1423,4435,CollgCr,6,5,2003,GasA,1,1,1,3,2,Normal,136500
1424,19690,Edwards,6,7,1966,GasA,2,4,1,8,2,Alloca,274970
1425,9503,NAmes,5,5,1958,GasA,1,2,1,6,1,Normal,144000
1426,10721,NAmes,6,6,1959,GasA,1,3,1,7,2,Normal,142000
1427,10944,NoRidge,7,5,1994,GasA,2,3,1,5,2,Normal,271000
1428,10930,NAmes,5,6,1945,GasA,1,3,1,6,1,Normal,140000
1429,7200,OldTown,5,7,1940,GasA,1,2,1,4,1,Abnorml,119000
1430,12546,NWAmes,6,7,1981,GasA,2,3,1,7,2,Normal,182900
1431,21930,Gilbert,5,5,2005,GasA,2,4,1,7,2,Normal,192140
1432,4928,NPkVill,6,6,1976,GasA,2,2,1,5,2,Normal,143750
1433,10800,OldTown,4,6,1927,GasA,2,4,1,5,1,Normal,64500
1434,10261,Gilbert,6,5,2000,GasA,2,3,1,8,2,Normal,186500
1435,17400,Mitchel,5,5,1977,GasA,2,3,1,5,2,Normal,160000
1436,8400,NAmes,6,9,1962,GasA,1,3,1,7,2,Abnorml,174000
1437,9000,NAmes,4,6,1971,GasA,1,3,1,5,2,Normal,120500
1438,12444,NridgHt,8,5,2008,GasA,2,2,1,7,3,Partial,394617
1439,7407,OldTown,6,7,1957,GasA,1,2,1,6,2,Normal,149700
1440,11584,NWAmes,7,6,1979,GasA,2,3,1,6,2,Normal,197000
1441,11526,Crawfor,6,7,1922,GasA,2,3,1,11,2,Normal,191000
1442,4426,CollgCr,6,5,2004,GasA,1,1,1,3,2,Normal,149300
1443,11003,Somerst,10,5,2008,GasA,2,3,1,10,3,Normal,310000
1444,8854,BrkSide,6,6,1916,Grav,1,2,1,4,1,Normal,121000
1445,8500,CollgCr,7,5,2004,GasA,2,3,1,7,2,Normal,179600
1446,8400,Sawyer,6,5,1966,GasA,1,3,1,6,1,Normal,129000
1447,26142,Mitchel,5,7,1962,GasA,1,3,1,6,1,Normal,157900
1448,10000,CollgCr,8,5,1995,GasA,2,3,1,8,2,Normal,240000
1449,11767,Edwards,4,7,1910,GasA,1,2,1,6,1,Normal,112000
1450,1533,MeadowV,5,7,1970,GasA,1,1,1,3,0,Abnorml,92000
1451,9000,NAmes,5,5,1974,GasA,2,4,2,8,0,Normal,136000
1452,9262,Somerst,8,5,2008,GasA,2,3,1,7,3,Partial,287090
1453,3675,Edwards,5,5,2005,GasA,1,2,1,5,2,Normal,145000
1454,17217,Mitchel,5,5,2006,GasA,1,3,1,6,0,Abnorml,84500
1455,7500,Somerst,7,5,2004,GasA,2,2,1,6,2,Normal,185000
1456,7917,Gilbert,6,5,1999,GasA,2,3,1,7,2,Normal,175000
1457,13175,NWAmes,6,6,1978,GasA,2,3,1,7,2,Normal,210000
1458,9042,Crawfor,7,9,1941,GasA,2,4,1,9,1,Normal,266500
1459,9717,NAmes,5,6,1950,GasA,1,2,1,5,1,Normal,142125
1460,9937,Edwards,5,6,1965,GasA,1,3,1,6,1,Normal,147500
